split_id,row_index,gest_spectral_glove50_temporal_a,gest_spectral_glove50_temporal_b,label,gest_spectral_glove50_spatial_a,gest_spectral_glove50_spatial_b,gest_spectral_glove50_temporal_spatial_a,gest_spectral_glove50_temporal_spatial_b,gest_spectral_glove300_temporal_a,gest_spectral_glove300_temporal_b,gest_spectral_glove300_spatial_a,gest_spectral_glove300_spatial_b,gest_spectral_glove300_temporal_spatial_a,gest_spectral_glove300_temporal_spatial_b,gest_spectral_w2v_google_temporal_a,gest_spectral_w2v_google_temporal_b,gest_spectral_w2v_google_spatial_a,gest_spectral_w2v_google_spatial_b,gest_spectral_w2v_google_temporal_spatial_a,gest_spectral_w2v_google_temporal_spatial_b,gest_ngm_glove50_temporal_a,gest_ngm_glove50_temporal_b,gest_ngm_glove50_spatial_a,gest_ngm_glove50_spatial_b,gest_ngm_glove50_temporal_spatial_a,gest_ngm_glove50_temporal_spatial_b,gest_ngm_glove300_temporal_a,gest_ngm_glove300_temporal_b,gest_ngm_glove300_spatial_a,gest_ngm_glove300_spatial_b,gest_ngm_glove300_temporal_spatial_a,gest_ngm_glove300_temporal_spatial_b,gest_ngm_w2v_google_temporal_a,gest_ngm_w2v_google_temporal_b,gest_ngm_w2v_google_spatial_a,gest_ngm_w2v_google_spatial_b,gest_ngm_w2v_google_temporal_spatial_a,gest_ngm_w2v_google_temporal_spatial_b,sbert_cosine_a,sbert_cosine_b,bleurt_a,bleurt_b,bleu_a,bleu_b,rouge_l_a,rouge_l_b,llm_chosen_Llama_3_1_70B_Instruct_a,llm_chosen_Llama_3_1_70B_Instruct_b,llm_score_Llama_3_1_70B_Instruct_a,llm_score_Llama_3_1_70B_Instruct_b,llm_chosen_Llama_3_1_8B_Instruct_a,llm_chosen_Llama_3_1_8B_Instruct_b,llm_score_Llama_3_1_8B_Instruct_a,llm_score_Llama_3_1_8B_Instruct_b,llm_chosen_Llama_3_3_70B_Instruct_a,llm_chosen_Llama_3_3_70B_Instruct_b,llm_score_Llama_3_3_70B_Instruct_a,llm_score_Llama_3_3_70B_Instruct_b,llm_chosen_Mistral_Small_24B_Instruct_2501_a,llm_chosen_Mistral_Small_24B_Instruct_2501_b,llm_score_Mistral_Small_24B_Instruct_2501_a,llm_score_Mistral_Small_24B_Instruct_2501_b,llm_chosen_Qwen3_32B_a,llm_chosen_Qwen3_32B_b,llm_score_Qwen3_32B_a,llm_score_Qwen3_32B_b,llm_chosen_gpt_oss_120b_a,llm_chosen_gpt_oss_120b_b,llm_score_gpt_oss_120b_a,llm_score_gpt_oss_120b_b,llm_chosen_gpt_oss_20b_a,llm_chosen_gpt_oss_20b_b,llm_score_gpt_oss_20b_a,llm_score_gpt_oss_20b_b
development/dev_track_a,1,0.2062458546434684,0.2216972754172217,False,0.7389527870472924,0.8311668239633054,0.2062458546434684,0.2216972754172217,0.3225804664511629,0.2254785593384396,0.5131716116462217,0.5847170251945227,0.3225804664511629,0.2254785593384396,1.080128662251571,0.950860249119285,0.9999999105930396,0.999999821186087,1.080128662251571,0.950860249119285,0.1051799222713792,0.1020720578420244,0.3614165496137652,0.3154224277682644,0.1051799222713792,0.1020720578420244,0.0645383844170373,0.0576487323965679,0.1396614334611007,0.1918260756656386,0.0645383844170373,0.0576487323965679,0.2671935495398179,0.2947523190458538,0.7306689562509102,0.6317239439348298,0.2671935495398179,0.2947523190458538,0.1117447614669799,0.3031709790229797,0.2447534948587417,0.2072800695896148,0.01099884812279,0.0123436942277768,0.1686182669789227,0.148314606741573,0.0,1.0,0.0,0.15,0.0,1.0,0.1,0.7,0.0,1.0,0.0,0.1,0.0,1.0,0.1,0.3,0.0,1.0,0.05,0.15,0.0,1.0,0.3,0.7,0.0,1.0,0.15,0.35
development/dev_track_a,2,0.7162322207155359,0.7761131548329808,True,0.8030542370016293,0.9002050220844152,0.7162322207155359,0.7761131548329808,0.4285563008010629,0.4766814123193326,0.6407693861768533,0.6272760700089739,0.4285563008010629,0.4766814123193326,1.1092241568389094,0.4885525719435444,0.9999998807907248,0.9999998509884054,1.1092241568389094,0.4885525719435444,0.1641707012945907,0.1653125026317413,0.3966096207047344,0.2452722282431376,0.1641707012945907,0.1653125026317413,0.0734388530674477,0.0806935225810808,0.2009272675285271,0.1791891926371897,0.0734388530674477,0.0806935225810808,0.3872744003857834,0.105375412007722,0.6389650103926011,0.2708429414121023,0.3872744003857834,0.105375412007722,0.2819564938545227,0.5671039819717407,0.3023281097412109,0.3721178770065307,0.0174146966123938,0.0256358620707071,0.1746724890829694,0.160427807486631,1.0,0.0,0.7,0.2,1.0,0.0,0.8,0.2,1.0,0.0,0.4,0.2,0.0,1.0,0.2,0.45,1.0,0.0,0.55,0.3,1.0,0.0,0.75,0.3,1.0,0.0,0.55,0.25
development/dev_track_a,3,0.4108994618963322,0.869370842753595,False,0.8901745146408983,0.8583662082712402,0.4108994618963322,0.869370842753595,0.250469095919769,0.510281095629487,0.6742956825650178,0.6671367883261956,0.250469095919769,0.510281095629487,0.5562109257549032,0.2623232270074705,0.9999998807907248,0.9999999701976772,0.5562109257549032,0.2623232270074705,0.111546387925843,0.1401357296485535,0.3373147715888007,0.3574175748754344,0.111546387925843,0.1401357296485535,0.06493088706389,0.0942849583591089,0.1551828223672731,0.1847181440619048,0.06493088706389,0.0942849583591089,0.1909155197876227,0.1546120540973168,0.2808548410636016,0.4213976634567619,0.1909155197876227,0.1546120540973168,0.3013383150100708,0.4535819888114929,0.3307580947875976,0.2042819857597351,0.0091624165168958,0.0336760890984298,0.1023255813953488,0.1878787878787879,0.0,1.0,0.1,0.6,0.0,1.0,0.2,0.8,0.0,1.0,0.1,0.4,0.0,1.0,0.1,0.45,0.0,1.0,0.1,0.3,0.0,1.0,0.3,0.7,0.0,1.0,0.2,0.6
development/dev_track_a,4,0.8131345947961272,1.0313124004259997,False,0.9999998807907248,0.9530159887056364,0.8131345947961272,1.0313124004259997,0.5092535339074932,0.6894900452574826,0.9999997913837696,0.8475061584254822,0.5092535339074932,0.6894900452574826,0.8997209889561201,0.7999693124220078,0.9999999105930396,0.9999999105930396,0.8997209889561201,0.7999693124220078,0.1000916392088155,0.1278985551141875,0.2374216317570679,0.4249326032141111,0.1000916392088155,0.1278985551141875,0.0485333223948714,0.0613283299218828,0.1592130337287081,0.1706537599600166,0.0485333223948714,0.0613283299218828,0.1675819842234306,0.0676926337948457,0.4277030733459457,0.2142557813513677,0.1675819842234306,0.0676926337948457,0.2823624908924103,0.4455440640449524,0.3818058967590332,0.4092569351196289,0.0261039830511721,0.0266084287260578,0.1170731707317073,0.1559633027522935,1.0,0.0,0.7,0.1,1.0,0.0,0.8,0.2,1.0,0.0,0.4,0.1,0.0,1.0,0.2,0.4,0.0,1.0,0.1,0.2,0.0,1.0,0.3,0.55,0.0,1.0,0.1,0.25
development/dev_track_a,5,0.8035577886131922,0.86189227201079,False,0.8930723794612432,0.8176068284980264,0.8035577886131922,0.86189227201079,0.4611602366008367,0.4571116416127222,0.642760061806428,0.6746785827459983,0.4611602366008367,0.4571116416127222,0.6229122819191729,0.3146290612334445,0.9999999105930396,0.9999998807907248,0.6229122819191729,0.3146290612334445,0.1405850325262326,0.1155194695384977,0.29746066859451,0.3144847908212714,0.1405850325262326,0.1155194695384977,0.0568919873687815,0.0407829671811993,0.1767661794302899,0.1633171813859765,0.0568919873687815,0.0407829671811993,0.1082532579346338,0.0707347293628841,0.3893004295379375,0.2314656857187045,0.1082532579346338,0.0707347293628841,0.4620364904403686,0.320752203464508,0.3759533166885376,0.3466359972953796,0.0372706757816549,0.017578403613141,0.15,0.119205298013245,1.0,0.0,0.55,0.2,1.0,0.0,0.8,0.2,1.0,0.0,0.4,0.2,0.0,1.0,0.2,0.65,0.0,1.0,0.4,0.8,1.0,0.0,0.7,0.48,1.0,0.0,0.65,0.35
development/dev_track_a,6,0.4744891569571065,0.6872869339124202,False,0.7603811311267458,0.8516066251270026,0.4744891569571065,0.6872869339124202,0.2697508943236854,0.4413526438641321,0.6043817872545972,0.6003939568644197,0.2697508943236854,0.4413526438641321,0.5606214189018693,0.6251871268914967,0.9999998807907192,0.9999999105930396,0.5606214189018693,0.6251871268914967,0.0827457254305834,0.2080883666032194,0.2432846994754592,0.4969962905272982,0.0827457254305834,0.2080883666032194,0.0312619295109755,0.0608229219365526,0.1070062003706957,0.2614035151529181,0.0312619295109755,0.0608229219365526,0.1575190663400779,0.0345417978310738,0.3156163844344228,0.0910185958937809,0.1575190663400779,0.0345417978310738,0.3637276589870453,0.2158225327730178,0.3487691879272461,0.256935566663742,0.0205746753099085,0.0273437473579764,0.1797752808988764,0.1676646706586826,1.0,0.0,0.4,0.1,1.0,0.0,0.8,0.2,1.0,0.0,0.4,0.1,0.0,1.0,0.1,0.3,1.0,0.0,0.4,0.15,1.0,0.0,0.55,0.3,0.0,1.0,0.15,0.35
development/dev_track_a,7,0.8253615221876256,0.900765105853153,False,0.8531779821898958,0.9026661631266876,0.8253615221876256,0.900765105853153,0.6400983052233531,0.5087233935463745,0.7648710976579489,0.7894137266453022,0.6400983052233531,0.5087233935463745,0.6259859839704233,1.294030665994276,0.9999999105930396,0.9999999105930396,0.6259859839704233,1.294030665994276,0.1791529752339217,0.1216096026271551,0.4949595208441697,0.3616291963317257,0.1791529752339217,0.1216096026271551,0.1203239022183287,0.1262763392510911,0.3632858724598606,0.2271096950536278,0.1203239022183287,0.1262763392510911,0.1041110209703214,0.4175210370340562,0.3522017614693452,0.9249061390924228,0.1041110209703214,0.4175210370340562,0.3454296588897705,0.4399581253528595,0.2286355793476104,0.3317602574825287,0.0314648784075154,0.0193960848130691,0.1527777777777778,0.1795918367346939,0.0,1.0,0.3,0.7,0.0,1.0,0.2,0.8,0.0,1.0,0.4,0.6,0.0,1.0,0.2,0.65,1.0,0.0,0.55,0.25,0.0,1.0,0.3,0.75,0.0,1.0,0.35,0.7
development/dev_track_a,8,0.991202032714056,0.4552534147431558,False,0.9999998807907248,0.8655625145956857,0.991202032714056,0.4552534147431558,0.5984696517672979,0.2559348861526106,0.9999997615814492,0.7455357020454761,0.5984696517672979,0.2559348861526106,1.0619906370347476,0.5598232358495743,0.9999998807907248,0.9999998807907248,1.0619906370347476,0.5598232358495743,0.171363736418655,0.1305464191538274,0.4062176659935818,0.3518661135405788,0.171363736418655,0.1305464191538274,0.0877114676362296,0.0646742102962984,0.2459275330532479,0.2047908651691531,0.0877114676362296,0.0646742102962984,0.1759994228092787,0.2109029509335407,0.4571592042123034,0.4738269472227178,0.1759994228092787,0.2109029509335407,0.2149415016174316,0.2798434793949127,0.3177838027477264,0.2817541360855102,0.0267958456872905,0.0201200989595031,0.1781609195402298,0.1636363636363636,0.0,1.0,0.1,0.6,1.0,0.0,0.4,0.05,0.0,1.0,0.1,0.4,0.0,1.0,0.1,0.4,0.0,1.0,0.25,0.4,0.0,1.0,0.3,0.75,0.0,1.0,0.25,0.6
development/dev_track_a,9,0.6937015989476677,0.8229144782322144,True,0.850552448597406,1.0,0.6937015989476677,0.8229144782322144,0.4589688765125682,0.6399265996714023,0.4992181063630427,0.9999998509883964,0.4589688765125682,0.6399265996714023,0.2661064390343688,0.5653298965459798,0.999999821186087,0.9999999701976824,0.2661064390343688,0.5653298965459798,0.0820056720758206,0.1230493200655219,0.210034250592696,0.3357830309584283,0.0820056720758206,0.1230493200655219,0.0359466663253867,0.0758517321619494,0.1257229451648422,0.1859100317684045,0.0359466663253867,0.0758517321619494,0.0349767796915235,0.0362359062554038,0.1239921928918474,0.0239084443746227,0.0349767796915235,0.0362359062554038,0.4450389742851257,0.226674348115921,0.3021086156368255,0.2616373002529144,0.017413852624548,0.013029662430303,0.1328413284132841,0.1352313167259786,1.0,0.0,0.45,0.05,1.0,0.0,0.8,0.2,1.0,0.0,0.4,0.1,0.0,1.0,0.2,0.5,1.0,0.0,0.45,0.2,0.0,1.0,0.35,0.7,1.0,0.0,0.35,0.2
development/dev_track_a,10,0.6701932250905707,0.7846567993831245,True,0.7911519061145894,0.9283078398337556,0.6701932250905707,0.7846567993831245,0.3823886709332338,0.6486165407737111,0.5472731100970728,0.8177446831617007,0.3823886709332338,0.6486165407737111,0.7161035483310512,0.6013528022611756,0.9999998807907248,0.999999821186087,0.7161035483310512,0.6013528022611756,0.1251516640377172,0.1492395927277617,0.2909699610417087,0.3966197946034506,0.1251516640377172,0.1492395927277617,0.0675677168323318,0.0620225169045383,0.1910273388253445,0.1820898306937369,0.0675677168323318,0.0620225169045383,0.210579747494312,0.1375961218647164,0.3862828274864527,0.2759518316616145,0.210579747494312,0.1375961218647164,0.3795038163661957,0.2392520308494568,0.3225331008434295,0.3472588658332824,0.0211164765049584,0.0214264196204985,0.1340782122905028,0.1512027491408935,1.0,0.0,0.55,0.1,1.0,0.0,0.85,0.1,1.0,0.0,0.4,0.1,0.0,1.0,0.2,0.5,1.0,0.0,0.5,0.1,1.0,0.0,0.7,0.2,1.0,0.0,0.6,0.25
development/dev_track_a,11,0.8988195504804847,1.1035943312446157,True,0.8902831804414773,1.0,0.8988195504804847,1.1035943312446157,0.662268546189468,0.8387639913527725,0.6091937292583312,0.9999998807907248,0.662268546189468,0.8387639913527725,1.0386567567217573,1.0265417677216802,0.9999998807907248,0.9999998509884054,1.0386567567217573,1.0265417677216802,0.1641414042400683,0.0990989699317414,0.4622824783274458,0.3199949951363489,0.1641414042400683,0.0990989699317414,0.1035375161227907,0.045646082214894,0.2712641335057092,0.1496808620917165,0.1035375161227907,0.045646082214894,0.2538338306015044,0.152092149290078,0.5221675833822953,0.318937220304098,0.2538338306015044,0.152092149290078,0.4004821479320526,0.4801757633686065,0.2967985272407532,0.2987307906150818,0.0251250161689661,0.0187133679408669,0.1704035874439461,0.1582150101419878,1.0,0.0,0.7,0.15,1.0,0.0,0.8,0.2,1.0,0.0,0.4,0.1,1.0,0.0,0.55,0.2,1.0,0.0,0.7,0.3,1.0,0.0,0.7,0.4,1.0,0.0,0.75,0.25
development/dev_track_a,12,0.8103195237991077,0.5226634490352262,True,0.9183071353069384,0.867479876580253,0.8103195237991077,0.5226634490352262,0.519492022485698,0.2367660887210474,0.8141385538412864,0.7057311289630974,0.519492022485698,0.2367660887210474,0.8642295485370993,0.2187613686484556,0.9999998807907248,0.9999998509884054,0.8642295485370993,0.2187613686484556,0.0989956956402547,0.1166119938867355,0.2547477868770428,0.3573321760323427,0.0989956956402547,0.1166119938867355,0.0356388251432211,0.0503540424516398,0.1409328828301819,0.1950487984856291,0.0356388251432211,0.0503540424516398,0.1155133334654779,0.1048362318159021,0.2312797126106071,0.3053149999930797,0.1155133334654779,0.1048362318159021,0.5155070424079895,0.2962973713874817,0.2323906123638153,0.3339561820030212,0.0139346156917099,0.0145676855319307,0.1339092872570194,0.1340782122905028,1.0,0.0,0.8,0.2,1.0,0.0,0.7,0.3,1.0,0.0,0.4,0.2,0.0,1.0,0.1,0.3,1.0,0.0,0.65,0.3,0.0,1.0,0.4,0.7,0.0,1.0,0.35,0.65
development/dev_track_a,13,0.5326274530533871,0.8334632264045566,True,0.8751865178124287,0.8313161931853064,0.5326274530533871,0.8334632264045566,0.3430340677115535,0.502824103906397,0.7549011628418111,0.614148185950734,0.3430340677115535,0.502824103906397,0.8106647418349703,0.7953031986658974,0.9999999701976772,0.9999998509884,0.8106647418349703,0.7953031986658974,0.1607917020700053,0.1858519542811131,0.4271208963277904,0.4431375827845625,0.1607917020700053,0.1858519542811131,0.0853827829830072,0.1109917357522392,0.209199791133022,0.2486164700756374,0.0853827829830072,0.1109917357522392,0.2490954236932002,0.1236906549486784,0.5285540528709483,0.5140782982028097,0.2490954236932002,0.1236906549486784,0.4491353631019592,0.2752855718135834,0.3856082558631897,0.3630319833755493,0.0162146834847532,0.0118271380077575,0.1739130434782608,0.1276595744680851,0.0,1.0,0.2,0.4,1.0,0.0,0.8,0.2,0.0,1.0,0.1,0.4,0.0,1.0,0.2,0.45,1.0,0.0,0.45,0.15,1.0,0.0,0.65,0.3,1.0,0.0,0.6,0.2
development/dev_track_a,14,0.4756729766084745,0.8049159436761107,True,0.7823735734971078,0.8273624983593824,0.4756729766084745,0.8049159436761107,0.2773837978689712,0.4807889102969418,0.4940207456927818,0.6213440935602096,0.2773837978689712,0.4807889102969418,0.3861041914007016,0.4471234336446516,0.9999998807907248,0.999999940395366,0.3861041914007016,0.4471234336446516,0.1595851956460752,0.1081616106737584,0.409650087897339,0.2752840718895656,0.1595851956460752,0.1081616106737584,0.0485278269677052,0.0439071201633149,0.1414617711021778,0.1190888705966551,0.0485278269677052,0.0439071201633149,0.1945411553333248,0.1316846674310345,0.3026416555119657,0.2917319538957537,0.1945411553333248,0.1316846674310345,0.3023515939712524,0.2348606586456298,0.3311209678649902,0.3394755125045776,0.0222967109223518,0.0217231599225865,0.1366120218579235,0.1515892420537897,1.0,0.0,0.4,0.1,1.0,0.0,0.8,0.2,1.0,0.0,0.4,0.1,1.0,0.0,0.45,0.2,1.0,0.0,0.65,0.25,1.0,0.0,0.68,0.32,1.0,0.0,0.78,0.12
development/dev_track_a,15,0.3406892024511487,0.8378711246668432,False,0.878651454609459,0.8593547511869966,0.3406892024511487,0.8378711246668432,0.2472633119727057,0.5089341751025153,0.7318317017755864,0.6047290618959932,0.2472633119727057,0.5089341751025153,0.7578798113674647,1.342984904501873,1.0000000894069632,0.9999998509884,0.7578798113674647,1.342984904501873,0.1369131666048931,0.1921139647426971,0.370622707796199,0.3989250184764772,0.1369131666048931,0.1921139647426971,0.063789957179734,0.1130783030720966,0.1153694384035296,0.1820942565819795,0.063789957179734,0.1130783030720966,0.3230132001435359,0.5616682264581264,0.7003022385919936,0.6972665373360759,0.3230132001435359,0.5616682264581264,0.1665380001068115,0.1793335974216461,0.281587541103363,0.3123277127742767,0.0214765823903156,0.0114044358572696,0.1845238095238095,0.1423487544483986,1.0,0.0,0.45,0.1,0.0,1.0,0.1,0.8,1.0,0.0,0.15,0.0,0.0,1.0,0.1,0.3,1.0,0.0,0.2,0.05,1.0,0.0,0.55,0.2,1.0,0.0,0.4,0.1
development/dev_track_a,16,0.376173183829485,0.4431672492917168,True,0.84126122698054,0.802562725391227,0.376173183829485,0.4431672492917168,0.5573877371368229,0.4828262547552704,0.5779009964584116,0.5335263291879734,0.5573877371368229,0.4828262547552704,0.4593118462231723,0.3693255287010745,0.9999998807907248,0.9999998509884054,0.4593118462231723,0.3693255287010745,0.1321496326314067,0.0927326287900599,0.3937062170646855,0.2811357140511941,0.1321496326314067,0.0927326287900599,0.0916359100196207,0.06388773954163,0.1955760634342428,0.1393573038492364,0.0916359100196207,0.06388773954163,0.2507095126189029,0.1091078211897472,0.3967568109278532,0.3230233188377678,0.2507095126189029,0.1091078211897472,0.3607392907142639,0.3624473512172699,0.3660476803779602,0.3812455534934997,0.0227763396776966,0.0210130276280163,0.160427807486631,0.1401273885350318,1.0,0.0,0.4,0.1,1.0,0.0,0.8,0.2,1.0,0.0,0.4,0.2,0.0,1.0,0.1,0.3,1.0,0.0,0.45,0.3,0.0,1.0,0.4,0.7,0.0,1.0,0.3,0.7
development/dev_track_a,17,0.6717749960785994,0.5583508027599413,True,0.9101652014058588,0.907408004557611,0.6717749960785994,0.5583508027599413,0.4616992428689815,0.3534465742891695,0.7344767390659416,0.7515446839875359,0.4616992428689815,0.3534465742891695,0.2648483937329544,0.5484575305551286,0.9999997913837696,0.999999821186087,0.2648483937329544,0.5484575305551286,0.1694027035653746,0.1424044445919614,0.4894223454989747,0.323189004515783,0.1694027035653746,0.1424044445919614,0.0998714693705457,0.0551506053156022,0.3251746236539522,0.1689414046217496,0.0998714693705457,0.0551506053156022,0.065703610965629,0.0907112095723415,0.2307311903242305,0.1259400262385611,0.065703610965629,0.0907112095723415,0.2885432243347168,0.3037705719470978,0.356148362159729,0.3302450776100158,0.0262175967538123,0.0257254095126605,0.1693548387096774,0.1444444444444444,1.0,0.0,0.4,0.2,1.0,0.0,0.8,0.2,1.0,0.0,0.4,0.1,0.0,1.0,0.1,0.5,1.0,0.0,0.55,0.3,1.0,0.0,0.58,0.27,1.0,0.0,0.75,0.3
development/dev_track_a,18,0.5382887440795298,0.7708235714127625,False,0.7193559146695239,0.8716376576855591,0.5382887440795298,0.7708235714127625,0.3693577519137582,0.4050002730249837,0.5181230726654694,0.5725789834417669,0.3693577519137582,0.4050002730249837,0.9371494953921056,0.2876411874532176,0.9999998807907248,0.9999998509884054,0.9371494953921056,0.2876411874532176,0.0983169314203458,0.1016304211494108,0.2745626096607196,0.2963098524473472,0.0983169314203458,0.1016304211494108,0.0513943338982053,0.0508276685960421,0.191694794026773,0.1484305910478578,0.0513943338982053,0.0508276685960421,0.1829666088448752,0.1300687653085106,0.4994899501180869,0.5335232203090294,0.1829666088448752,0.1300687653085106,0.1848586797714233,0.3493912816047668,0.3749282360076904,0.3787920475006103,0.0304011806658571,0.025763799970197,0.1596244131455399,0.1614349775784753,1.0,0.0,0.55,0.3,0.0,1.0,0.2,0.8,0.0,1.0,0.1,0.4,0.0,1.0,0.15,0.45,0.0,1.0,0.45,0.7,0.0,1.0,0.3,0.65,0.0,1.0,0.2,0.7
development/dev_track_a,19,1.0387596689070833,0.9491906101040994,True,0.9999997615814492,0.9555136614425586,1.0387596689070833,0.9491906101040994,0.7384302206035971,0.7816992557131696,0.9999999701976772,0.9022512879593196,0.7384302206035971,0.7816992557131696,0.6761693745024591,0.7148158184268477,1.0,0.9999999105930396,0.6761693745024591,0.7148158184268477,0.1709055596280985,0.1629044973719832,0.4301942524263364,0.3827224354032035,0.1709055596280985,0.1629044973719832,0.0918154483675248,0.1062816846241056,0.2550909437251779,0.2225565269892351,0.0918154483675248,0.1062816846241056,0.1874153462876596,0.1097697670718924,0.4397036168516055,0.2551826694471292,0.1874153462876596,0.1097697670718924,0.3945578336715698,0.2587647438049316,0.3613255321979522,0.2744284868240356,0.0595161697552321,0.0544677281938827,0.1729729729729729,0.1864406779661016,1.0,0.0,0.4,0.1,1.0,0.0,0.8,0.2,1.0,0.0,0.4,0.2,0.0,1.0,0.1,0.4,1.0,0.0,0.5,0.2,1.0,0.0,0.58,0.32,0.0,1.0,0.35,0.65
development/dev_track_a,20,0.3714692057786098,0.5878908608507235,True,0.7172382811023854,0.8086205949043519,0.3714692057786098,0.5878908608507235,0.2144171752047672,0.274273075306943,0.4497286379337311,0.6011871516350784,0.2144171752047672,0.274273075306943,0.9617571989196696,0.5488688448750955,0.9999999105930396,0.9999998509884054,0.9617571989196696,0.5488688448750955,0.0590404810942328,0.1235717167433957,0.2929862888155754,0.3103287849753258,0.0590404810942328,0.1235717167433957,0.0315725514094482,0.0448553284378995,0.1426650178810849,0.1548101925552416,0.0315725514094482,0.0448553284378995,0.2624095502931259,0.2013424959255944,0.6784516779581268,0.4704499236880742,0.2624095502931259,0.2013424959255944,0.6448469161987305,0.4424155950546264,0.3020323514938354,0.342687726020813,0.0252713308095506,0.0202918599816217,0.1835443037974684,0.1695906432748538,1.0,0.0,0.4,0.2,1.0,0.0,0.8,0.2,1.0,0.0,0.4,0.1,0.0,1.0,0.2,0.6,1.0,0.0,0.7,0.3,0.0,1.0,0.4,0.7,0.0,1.0,0.3,0.7
development/dev_track_a,21,0.6730827972485308,0.4737060438417592,True,0.7843070287338461,0.7451157277684536,0.6730827972485308,0.4737060438417592,0.3547106791725235,0.2430855072375775,0.4962417637941569,0.4675740638286991,0.3547106791725235,0.2430855072375775,0.1695105795760679,0.2550359947276125,0.9999998807907248,0.9999998807907248,0.1695105795760679,0.2550359947276125,0.2069677627018823,0.171049547448043,0.4322744323752561,0.4100928423073211,0.2069677627018823,0.171049547448043,0.1020476814129242,0.0960549956628585,0.2983814463661557,0.227195322127246,0.1020476814129242,0.0960549956628585,0.1574203997880617,0.3619370137851931,0.4521425186847294,0.5004419057529491,0.1574203997880617,0.3619370137851931,0.2793067097663879,0.2064375877380371,0.3511427044868469,0.3724451065063476,0.0251401959340097,0.0211293446791026,0.188235294117647,0.1420118343195266,1.0,0.0,0.55,0.15,0.0,1.0,0.3,0.7,1.0,0.0,0.4,0.2,0.0,1.0,0.2,0.5,1.0,0.0,0.45,0.2,0.0,1.0,0.4,0.7,0.0,1.0,0.3,0.7
development/dev_track_a,22,0.1842011733736159,0.6605088679944481,True,0.8922637233419748,0.8441149778229025,0.1842011733736159,0.6605088679944481,0.5135525046020126,0.4068360169432413,0.8095570078888262,0.6388799572992389,0.5135525046020126,0.4068360169432413,0.6190999473429658,0.2328337605995059,0.9999998807907248,0.9999998509884054,0.6190999473429658,0.2328337605995059,0.1421134588057909,0.1442587044240442,0.3503174481936358,0.3998278851860783,0.1421134588057909,0.1442587044240442,0.0968210943409459,0.1006742045511417,0.1884448144593118,0.2687172455031238,0.0968210943409459,0.1006742045511417,0.1605339359402785,0.0193071262131333,0.2254842200363665,0.2106659348419279,0.1605339359402785,0.0193071262131333,0.4718254208564758,0.2883741855621338,0.3391180038452148,0.3692494630813598,0.0305475059348034,0.0087942197314283,0.1689373297002724,0.132013201320132,1.0,0.0,0.7,0.1,1.0,0.0,0.8,0.2,1.0,0.0,0.7,0.2,1.0,0.0,0.55,0.2,1.0,0.0,0.65,0.3,0.0,1.0,0.45,0.7,1.0,0.0,0.7,0.4
development/dev_track_a,23,0.5652114960041501,0.8389846691032157,False,0.8989540458972399,0.8223600003290176,0.5652114960041501,0.8389846691032157,0.2253693292442873,0.5639176205215195,0.6499956667428414,0.6274109926925906,0.2253693292442873,0.5639176205215195,0.3430703787559541,0.4917411072704964,0.9999999701976772,0.9999998807907192,0.3430703787559541,0.4917411072704964,0.1403641632447097,0.153662188928079,0.3794860931936931,0.3303631646399846,0.1403641632447097,0.153662188928079,0.0721626868916037,0.0849975544063467,0.1609014690154153,0.1646495456116475,0.0721626868916037,0.0849975544063467,0.203823128896308,0.0618415902076691,0.2474967223622313,0.10319945530928,0.203823128896308,0.0618415902076691,0.160860925912857,0.4148980379104614,0.3288778066635132,0.3738027215003967,0.0148223145697868,0.0152003050212617,0.1337792642140468,0.1733333333333333,0.0,1.0,0.6,0.8,1.0,0.0,0.85,0.6,1.0,0.0,0.7,0.6,0.0,1.0,0.2,0.6,0.0,1.0,0.3,0.55,0.0,1.0,0.4,0.7,0.0,1.0,0.25,0.45
development/dev_track_a,24,0.8289675373884646,0.6935706975639293,True,0.8118032441373773,0.999999821186087,0.8289675373884646,0.6935706975639293,0.4532146209052544,0.3601177618463331,0.7116427765318422,1.0,0.4532146209052544,0.3601177618463331,1.0181437029203946,0.6662526757600062,0.9999998807907192,0.9999998807907192,1.0181437029203946,0.6662526757600062,0.1335122191313344,0.1195997608815999,0.3794624295231348,0.3710396402088496,0.1335122191313344,0.1195997608815999,0.0689118971757862,0.0515719428280415,0.2045153947714756,0.2018764004601134,0.0689118971757862,0.0515719428280415,0.3237160127990253,0.1871400552395005,0.6856244093395449,0.6060894333006341,0.3237160127990253,0.1871400552395005,0.3318275809288025,0.4992826581001282,0.3635712265968323,0.3865188360214233,0.0311217388544125,0.0328787826112613,0.1104972375690607,0.1538461538461538,1.0,0.0,0.7,0.3,1.0,0.0,0.8,0.4,1.0,0.0,0.7,0.2,1.0,0.0,0.65,0.3,1.0,0.0,0.5,0.3,0.0,1.0,0.35,0.68,0.0,1.0,0.3,0.6
development/dev_track_a,25,0.6608152106286183,0.6724604181448993,True,0.8108970152262431,0.8205389594389249,0.6608152106286183,0.6724604181448993,0.4027049633794691,0.3569804478296192,0.6741358436901643,0.5754599228227195,0.4027049633794691,0.3569804478296192,0.6435710504929844,1.179980485960206,1.000000059604643,0.9999998807907248,0.6435710504929844,1.179980485960206,0.2203025913246853,0.1716045522987901,0.4809348291404622,0.4071276141120434,0.2203025913246853,0.1716045522987901,0.1212332581687197,0.0760770330083349,0.2907427008054522,0.163166340935896,0.1212332581687197,0.0760770330083349,0.3104814980172375,0.2804454709386178,0.7109090624583868,0.6810610002157841,0.3104814980172375,0.2804454709386178,0.2950786650180816,0.3594505488872528,0.3009689450263977,0.3114930391311645,0.0108981296374084,0.0156606968673024,0.1322314049586777,0.1322957198443579,1.0,0.0,0.45,0.15,1.0,0.0,0.8,0.2,1.0,0.0,0.4,0.1,0.0,1.0,0.1,0.4,1.0,0.0,0.55,0.3,1.0,0.0,0.7,0.3,1.0,0.0,0.75,0.45
development/dev_track_a,26,0.8766566549889646,0.8228679089587227,True,1.0,0.9999998807907248,0.8766566549889646,0.8228679089587227,0.5299239320132445,0.2092363066624129,0.9999999403953552,1.0,0.5299239320132445,0.2092363066624129,1.1764052659534134,0.67926314559303,1.0000000298023235,0.9999998509884054,1.1764052659534134,0.67926314559303,0.1064779469018015,0.0544193832023928,0.2998938451500838,0.1989506948249003,0.1064779469018015,0.0544193832023928,0.0456589757582921,0.0338360840824366,0.1916552308701187,0.1022472431070224,0.0456589757582921,0.0338360840824366,0.2942156606359559,0.1317822388625484,0.5652941087698453,0.3056154148630509,0.2942156606359559,0.1317822388625484,0.3640172779560089,0.3668045997619629,0.2850422263145447,0.2970569729804992,0.0224049131670235,0.0203818091595899,0.1809523809523809,0.1626794258373205,1.0,0.0,0.6,0.2,1.0,0.0,0.8,0.2,1.0,0.0,0.4,0.1,1.0,0.0,0.45,0.2,1.0,0.0,0.55,0.2,1.0,0.0,0.75,0.3,1.0,0.0,0.7,0.2
development/dev_track_a,27,0.6004569529436363,0.6501288059157687,False,0.9999998807907192,1.0,0.6004569529436363,0.6501288059157687,0.3479861425692416,0.4157961905415146,0.9999997913837696,0.9999999105930448,0.3479861425692416,0.4157961905415146,0.4281980311555574,0.6953987663153177,0.9999999105930396,0.9999999105930396,0.4281980311555574,0.6953987663153177,0.1191603734650538,0.0902714427315592,0.3981608252963236,0.2571386466589415,0.1191603734650538,0.0902714427315592,0.0709703296141872,0.0503055208647918,0.2216498067923399,0.1500315106980634,0.0709703296141872,0.0503055208647918,0.1239139521401261,0.0916868074011585,0.2400101614280812,0.3845715969842596,0.1239139521401261,0.0916868074011585,0.2817007601261139,0.4419231414794922,0.2930568158626556,0.2136957943439483,0.0277592034267894,0.0188826158815809,0.1442622950819672,0.1483516483516483,0.0,1.0,0.3,0.8,1.0,0.0,0.8,0.2,0.0,1.0,0.1,0.6,0.0,1.0,0.2,0.65,0.0,1.0,0.3,0.7,0.0,1.0,0.5,0.7,1.0,0.0,0.7,0.35
development/dev_track_a,28,0.7066011405382033,0.7889638360133645,True,0.8662645380181625,0.9491803706669364,0.7066011405382033,0.7889638360133645,0.3544041949098562,0.368589355197708,0.6425079938012339,0.8799682140397663,0.3544041949098562,0.368589355197708,1.369279506975965,0.8980135183625189,0.9999999105930396,0.9999999701976772,1.369279506975965,0.8980135183625189,0.0948609621005391,0.1604059720868293,0.2993173845914531,0.3752111476064559,0.0948609621005391,0.1604059720868293,0.0486970621910301,0.062270105362158,0.1420747585515156,0.15279977776737,0.0486970621910301,0.062270105362158,0.3089397520241543,0.212240415800251,0.5334888254777398,0.4666451931278477,0.3089397520241543,0.212240415800251,0.4033980369567871,0.2935054898262024,0.1997018903493881,0.2976881265640259,0.0159421373047646,0.0026990297154153,0.1584158415841584,0.134185303514377,1.0,0.0,0.6,0.2,1.0,0.0,0.8,0.2,1.0,0.0,0.4,0.2,0.0,1.0,0.1,0.3,1.0,0.0,0.55,0.25,0.0,1.0,0.35,0.7,0.0,1.0,0.3,0.65
development/dev_track_a,29,0.5298830726761846,0.7676680759867691,True,0.7141390783620979,0.8006839274952469,0.5298830726761846,0.7676680759867691,0.2601811307620575,0.3657382673603708,0.4644770643426746,0.537097330439409,0.2601811307620575,0.3657382673603708,0.7407746108088707,1.121517200630697,0.999999821186087,0.9999998807907192,0.7407746108088707,1.121517200630697,0.1168583570688298,0.1980460009544022,0.2982173627711614,0.3764949444102592,0.1168583570688298,0.1980460009544022,0.0721728373864133,0.0647763485626302,0.1636827531196093,0.1791926498144956,0.0721728373864133,0.0647763485626302,0.1699150111020515,0.141157776856165,0.3352929355100363,0.3623049156257845,0.1699150111020515,0.141157776856165,0.4091248512268066,0.3225444853305816,0.3741567134857178,0.3661679625511169,0.0262806166191243,0.0059830057795006,0.1659751037344398,0.1235955056179775,1.0,0.0,0.4,0.0,1.0,0.0,0.8,0.2,1.0,0.0,0.15,0.05,0.0,1.0,0.1,0.6,1.0,0.0,0.45,0.15,0.0,1.0,0.4,0.7,1.0,0.0,0.35,0.1
development/dev_track_a,30,0.3452039730993851,0.4839536888938459,True,0.7330661138217314,0.7418229887696518,0.3452039730993851,0.4839536888938459,0.136326788904628,0.2277148851862806,0.5508056714890719,0.6480026664730708,0.136326788904628,0.2277148851862806,0.9062105764718924,0.959591770779254,0.9999999403953606,0.9999998807907192,0.9062105764718924,0.959591770779254,0.0610523363033505,0.0980866316402247,0.1285746891899361,0.2707509703381313,0.0610523363033505,0.0980866316402247,0.0240308934199615,0.0542976227989251,0.0328840839476702,0.1470234633409256,0.0240308934199615,0.0542976227989251,0.3924050726993915,0.4716896404247065,0.3954042217444709,0.4697726085659381,0.3924050726993915,0.4716896404247065,0.3771604299545288,0.2995064258575439,0.3601588010787964,0.3563606142997741,0.016064737796526,0.0229895293499171,0.1306818181818181,0.1729729729729729,1.0,0.0,0.45,0.2,1.0,0.0,0.85,0.15,1.0,0.0,0.4,0.2,1.0,0.0,0.45,0.2,1.0,0.0,0.4,0.2,1.0,0.0,0.7,0.3,1.0,0.0,0.55,0.1
development/dev_track_a,31,0.6581203359702358,0.6607863533690445,False,0.7022239743337659,0.7294445795151855,0.6581203359702358,0.6607863533690445,0.2776581459282135,0.2928568556014736,0.4394504798113727,0.4489234150739413,0.2776581459282135,0.2928568556014736,1.2799125906301188,1.1314986706136425,1.0,0.9999999403953606,1.2799125906301188,1.1314986706136425,0.0925568843406361,0.078657923148956,0.2453809679154673,0.2988353468714609,0.0925568843406361,0.078657923148956,0.04313607796188,0.0676671811595966,0.1220072469023822,0.1241655635830243,0.04313607796188,0.0676671811595966,0.5385570225895003,0.2751763932491804,0.7064790306297943,0.6252557277243356,0.5385570225895003,0.2751763932491804,0.3694780468940735,0.5198390483856201,0.3864904344081878,0.3643994331359863,0.0387996964844464,0.0292837122574084,0.1511627906976744,0.1301775147928994,1.0,0.0,0.6,0.4,1.0,0.0,0.8,0.15,1.0,0.0,0.4,0.2,0.0,1.0,0.1,0.45,0.0,1.0,0.3,0.65,0.0,1.0,0.22,0.58,0.0,1.0,0.2,0.8
development/dev_track_a,32,0.5750277701497825,0.3193815987884301,False,0.6997565388969733,0.5150236469479028,0.5750277701497825,0.3193815987884301,0.2497131427418292,0.1299917205993585,0.4660441756805043,0.3134583568349405,0.2497131427418292,0.1299917205993585,0.440947211031284,0.6112505681371428,0.9999998807907248,0.9999999403953606,0.440947211031284,0.6112505681371428,0.1555633179893804,0.0791469994686191,0.290145899783203,0.2393895190743402,0.1555633179893804,0.0791469994686191,0.037442613510487,0.0286082491865726,0.0756315212800329,0.0696900735572619,0.037442613510487,0.0286082491865726,0.2218185007631395,0.4464011708069843,0.4833705086986373,0.6587459507951795,0.2218185007631395,0.4464011708069843,0.3095289468765259,0.3339723348617553,0.0951082855463028,0.1915468722581863,0.0006263068831498,0.0156278253886298,0.0809968847352024,0.1581395348837209,0.0,1.0,0.1,0.6,1.0,0.0,0.85,0.1,0.0,1.0,0.1,0.4,0.0,1.0,0.2,0.6,0.0,1.0,0.3,0.65,0.0,1.0,0.3,0.7,0.0,1.0,0.15,0.45
development/dev_track_a,33,0.7069623173402307,0.6214612848702755,False,0.9999998807907248,0.8288348419168701,0.7069623173402307,0.6214612848702755,0.4815332407937358,0.3683672388016947,1.0,0.6193525833470325,0.4815332407937358,0.3683672388016947,0.5875928462752362,0.8230044309472113,0.9999998509884054,0.9999999105930396,0.5875928462752362,0.8230044309472113,0.1129750072734094,0.1084369380023851,0.3816230619908858,0.3049209263289845,0.1129750072734094,0.1084369380023851,0.0573975274028899,0.0468475625318931,0.1750462800127106,0.1718289196873726,0.0573975274028899,0.0468475625318931,0.0860551160445839,0.06377400463222,0.3481512434905313,0.2307890982265415,0.0860551160445839,0.06377400463222,0.2755993604660034,0.3884518146514892,0.3782664537429809,0.3374103605747223,0.0170235888328983,0.0277999270482853,0.1515892420537897,0.1699346405228758,0.0,1.0,0.2,0.6,0.0,1.0,0.2,0.8,0.0,1.0,0.1,0.6,0.0,1.0,0.1,0.65,0.0,1.0,0.2,0.55,0.0,1.0,0.45,0.7,0.0,1.0,0.3,0.8
development/dev_track_a,34,0.7224875911071423,0.5127480735787884,True,0.7970261815755151,0.8621712491308153,0.7224875911071423,0.5127480735787884,0.475829380126993,0.4434291903822173,0.5556549529145692,0.6797314274551179,0.475829380126993,0.4434291903822173,0.9905158009153454,0.856297023868784,0.9999998807907248,0.9999999403953606,0.9905158009153454,0.856297023868784,0.1036577152153849,0.0916100605308627,0.3342871162940911,0.3069712095303376,0.1036577152153849,0.0916100605308627,0.0586947312279281,0.0581732926585491,0.1587890027014494,0.1563373214947622,0.0586947312279281,0.0581732926585491,0.2336995079706662,0.2195217359854401,0.4310647351412134,0.5452613179763162,0.2336995079706662,0.2195217359854401,0.214972972869873,0.3027027249336242,0.348820149898529,0.3732674717903137,0.0200292799335429,0.0202297126931546,0.1386138613861386,0.1475409836065574,1.0,0.0,0.8,0.2,1.0,0.0,0.8,0.2,1.0,0.0,0.7,0.2,1.0,0.0,0.75,0.3,1.0,0.0,0.65,0.3,1.0,0.0,0.7,0.45,1.0,0.0,0.6,0.3
development/dev_track_a,35,0.5238498640850979,0.4331493793342368,True,0.7254796191764118,0.7049893912679333,0.5238498640850979,0.4331493793342368,0.2756059492091083,0.1558995556278916,0.4333341976007318,0.3976272466627044,0.2756059492091083,0.1558995556278916,0.4425272072055251,0.4724064980536235,0.9999998211860816,0.9999999701976772,0.4425272072055251,0.4724064980536235,0.1552703788728306,0.1208506042667973,0.3532692670930702,0.2830270657408344,0.1552703788728306,0.1208506042667973,0.0901812722530212,0.0489836054778632,0.2084442049748017,0.1357035985982201,0.0901812722530212,0.0489836054778632,0.0577771073065826,0.0515475651578904,0.1377686635303946,0.1276196436953854,0.0577771073065826,0.0515475651578904,0.4225368201732635,0.278997540473938,0.3252809345722198,0.362367570400238,0.0186879933924545,0.0230310108888526,0.15,0.1395348837209302,1.0,0.0,0.55,0.2,1.0,0.0,0.8,0.2,1.0,0.0,0.4,0.2,1.0,0.0,0.65,0.2,1.0,0.0,0.3,0.1,1.0,0.0,0.7,0.35,0.0,1.0,0.4,0.7
development/dev_track_a,36,0.2864692884696526,0.6603334823127582,True,0.6607563900045884,0.9999998807907248,0.2864692884696526,0.6603334823127582,0.0155267000220491,0.2690327707664441,0.4249628826997954,0.9999997913837606,0.0155267000220491,0.2690327707664441,0.6774257056339048,1.276361112789076,0.9999998807907248,0.9999999403953606,0.6774257056339048,1.276361112789076,0.0703899421598309,0.111600715867645,0.1990928234584992,0.318316456521059,0.0703899421598309,0.111600715867645,0.041631173526772,0.060044477375824,0.1157428846304046,0.1703069160136145,0.041631173526772,0.060044477375824,0.117827171731683,0.163289043910573,0.2587806874851297,0.6009018425452111,0.117827171731683,0.163289043910573,0.2345172315835952,0.235022634267807,0.2571462392807007,0.3362361192703247,0.0039691523293082,0.0129384841803726,0.1075268817204301,0.1192660550458715,1.0,0.0,0.3,0.05,1.0,0.0,0.8,0.2,1.0,0.0,0.1,0.05,0.0,1.0,0.1,0.3,0.0,1.0,0.1,0.15,0.0,1.0,0.3,0.55,1.0,0.0,0.2,0.15
development/dev_track_a,37,0.8531561565215364,0.8441793621041892,False,0.7977550150302057,0.8259241684720431,0.8531561565215364,0.8441793621041892,0.6698752143883849,0.6334403617820049,0.5713655267518131,0.6562731675776043,0.6698752143883849,0.6334403617820049,0.7312525542569724,0.6351008355671727,0.9999998509884054,0.9999998807907248,0.7312525542569724,0.6351008355671727,0.1199223279269537,0.1854797358443405,0.3766404538627393,0.508204956085746,0.1199223279269537,0.1854797358443405,0.050345244028548,0.0843493846615714,0.1989029923035575,0.2980828470977682,0.050345244028548,0.0843493846615714,0.0660279186242988,0.1585676102485083,0.0856906509859347,0.3776486679563636,0.0660279186242988,0.1585676102485083,0.1776064783334732,0.0108398785814642,0.2273499071598053,0.3670061230659485,0.0258866137506753,0.0224360047393355,0.158273381294964,0.1680672268907563,0.0,1.0,0.2,0.4,0.0,1.0,0.2,0.8,0.0,1.0,0.1,0.6,0.0,1.0,0.1,0.5,0.0,1.0,0.3,0.5,0.0,1.0,0.45,0.7,0.0,1.0,0.35,0.7
development/dev_track_a,38,1.0119655814397417,1.0584876262178675,False,0.999999821186087,0.8886686100162733,1.0119655814397417,1.0584876262178675,0.676455953860971,0.717130516773524,0.9999997913837696,0.6840470809880399,0.676455953860971,0.717130516773524,0.5453193796221862,0.7713547723969693,0.9999998509884054,0.9999997913837696,0.5453193796221862,0.7713547723969693,0.1439101210194169,0.2063516134145413,0.4551230038297169,0.5129783110961484,0.1439101210194169,0.2063516134145413,0.0604893805459275,0.1028335754045962,0.2443917113172852,0.2872003154949009,0.0604893805459275,0.1028335754045962,0.0528342214605564,0.1185849479011395,0.0977102389638111,0.3641039278932418,0.0528342214605564,0.1185849479011395,0.4482388794422149,0.1135135442018508,0.2903818488121032,0.2329400926828384,0.0355650643737117,0.0200832046364343,0.1481481481481481,0.1627906976744186,1.0,0.0,0.6,0.4,1.0,0.0,0.8,0.15,1.0,0.0,0.7,0.4,1.0,0.0,0.65,0.3,1.0,0.0,0.5,0.2,0.0,1.0,0.35,0.75,1.0,0.0,0.55,0.35
development/dev_track_a,39,0.7125939067207813,0.7154938736683019,False,0.8811296962345009,0.707420383999302,0.7125939067207813,0.7154938736683019,0.4403248442218515,0.3955272669467949,0.6663894852415462,0.4940207162468534,0.4403248442218515,0.3955272669467949,0.5909905448281237,0.8651472544721879,0.9999998509884,0.9999999105930396,0.5909905448281237,0.8651472544721879,0.1136327628100845,0.1128504589826249,0.2928169534112189,0.335276138821453,0.1136327628100845,0.1128504589826249,0.0589257277499747,0.0705542188632054,0.1334770598347419,0.1226783759473517,0.0589257277499747,0.0705542188632054,0.1404643415092621,0.3150081863316737,0.3058643872184438,0.4941630431129184,0.1404643415092621,0.3150081863316737,0.4006878435611725,0.4150883555412292,0.3865936994552612,0.3577206432819366,0.0249756372696224,0.0170606239993835,0.1526717557251908,0.1602787456445993,1.0,0.0,0.65,0.4,1.0,0.0,0.8,0.2,1.0,0.0,0.4,0.2,0.0,1.0,0.2,0.65,0.0,1.0,0.2,0.6,0.0,1.0,0.4,0.7,1.0,0.0,0.55,0.3
development/dev_track_a,40,0.5747605744549305,1.083217170531297,True,0.8898769152311188,0.931209810827993,0.5747605744549305,1.083217170531297,0.4564031865592128,0.7090128972660787,0.7373358167805834,0.7953286414946745,0.4564031865592128,0.7090128972660787,0.88966907879346,0.0739607502002292,0.9999999105930396,0.9999999403953606,0.88966907879346,0.0739607502002292,0.1435581152438381,0.2540375716903222,0.4143221477794531,0.4941911372520146,0.1435581152438381,0.2540375716903222,0.1024773797236668,0.1297685562675309,0.311857631669641,0.2630281856884279,0.1024773797236668,0.1297685562675309,0.4009383913307511,0.0362039366682784,0.71645212743265,0.078429430849889,0.4009383913307511,0.0362039366682784,0.317290723323822,0.4870284795761108,0.3234176337718963,0.3639332056045532,0.0170560557601843,0.0294534655800083,0.1453287197231834,0.1787709497206704,1.0,0.0,0.65,0.4,1.0,0.0,0.8,0.2,0.0,1.0,0.4,0.6,0.0,1.0,0.2,0.65,0.0,1.0,0.3,0.7,1.0,0.0,0.7,0.4,0.0,1.0,0.3,0.55
development/dev_track_a,41,0.8207457723036286,0.301606522343688,True,0.89449817571055,0.999999821186087,0.8207457723036286,0.301606522343688,0.252849402431878,0.2281805411638398,0.6803372096814436,1.0,0.252849402431878,0.2281805411638398,0.587535152084467,0.5897642093267224,0.9999997913837696,0.9999998807907248,0.587535152084467,0.5897642093267224,0.2087722298455005,0.1239347142680419,0.4890878061945696,0.3177425738895588,0.2087722298455005,0.1239347142680419,0.0998239268199915,0.0519141964660875,0.2419720089296748,0.1708819597804141,0.0998239268199915,0.0519141964660875,0.2247156799984833,0.119850340303786,0.6152685360171535,0.2678735622893599,0.2247156799984833,0.119850340303786,0.3506622016429901,0.2540907859802246,0.383039265871048,0.2317029982805252,0.0307306783595102,0.0224796013724828,0.1607142857142857,0.1597633136094674,0.0,1.0,0.15,0.7,1.0,0.0,0.7,0.3,0.0,1.0,0.1,0.4,0.0,1.0,0.1,0.4,1.0,0.0,0.2,0.1,0.0,1.0,0.22,0.46,0.0,1.0,0.2,0.45
development/dev_track_a,42,0.581906342780468,0.8155267268027985,True,0.9999998807907248,0.9999999403953606,0.581906342780468,0.8155267268027985,0.3934369885118979,0.4692475274414192,1.0000000298023235,1.0000000298023235,0.3934369885118979,0.4692475274414192,0.3179964545234297,0.3587527508498948,0.9999998509884054,0.9999999403953606,0.3179964545234297,0.3587527508498948,0.1215006319226085,0.1343934387829676,0.3692206119106127,0.334159175732825,0.1215006319226085,0.1343934387829676,0.055488938676588,0.0509829192743736,0.1713005479310698,0.1454782157632209,0.055488938676588,0.0509829192743736,0.0873750678912295,0.0807149820944948,0.2470923949809003,-0.0189987302013099,0.0873750678912295,0.0807149820944948,0.5472031831741333,0.3681612908840179,0.4139186143875122,0.3573167324066162,0.006381827205934,0.0045387138070692,0.1079691516709511,0.1243243243243243,1.0,0.0,0.7,0.3,1.0,0.0,0.85,0.1,1.0,0.0,0.7,0.2,0.0,1.0,0.2,0.45,0.0,1.0,0.4,0.6,0.0,1.0,0.45,0.7,0.0,1.0,0.35,0.75
development/dev_track_a,43,0.618091345185207,0.7353717475136972,True,0.8660418471073019,0.8775652196925616,0.618091345185207,0.7353717475136972,0.3212725994630837,0.448563700794726,0.6529128770660015,0.5997220099055192,0.3212725994630837,0.448563700794726,0.8670816584196213,0.8790301352370637,0.9999999105930396,0.9999999105930396,0.8670816584196213,0.8790301352370637,0.1131139376603886,0.1406762042669886,0.2978190685712877,0.4857167253373011,0.1131139376603886,0.1406762042669886,0.0535627435819362,0.063067926803131,0.1609355066955292,0.2482071147075926,0.0535627435819362,0.063067926803131,0.1377458582456945,0.1242183836295806,0.5487284559826279,0.4667624660948256,0.1377458582456945,0.1242183836295806,0.3494079411029815,0.349328875541687,0.3207612037658691,0.3457628488540649,0.0358787175187469,0.0454143235788365,0.1725239616613418,0.1589958158995816,1.0,0.0,0.6,0.3,1.0,0.0,0.8,0.4,1.0,0.0,0.7,0.2,0.0,1.0,0.2,0.6,1.0,0.0,0.55,0.25,1.0,0.0,0.7,0.35,1.0,0.0,0.45,0.25
development/dev_track_a,44,0.681076571546215,0.7058678769738291,False,0.7895857942598111,0.7895857942598111,0.681076571546215,0.7058678769738291,0.440302465470838,0.4674994619830431,0.5950937753803998,0.5950937753803998,0.440302465470838,0.4674994619830431,0.7306206247260728,0.6700900684085321,0.9999998807907192,0.9999998509884054,0.7306206247260728,0.6700900684085321,0.1489466318841783,0.1430146434924435,0.4574448842725845,0.4995264515056981,0.1489466318841783,0.1430146434924435,0.0737646978306285,0.0642394875666007,0.1773822942618232,0.2420548524392959,0.0737646978306285,0.0642394875666007,0.0589248320505889,0.1141075026583695,0.29921499811331,0.2514487135041457,0.0589248320505889,0.1141075026583695,0.3816875517368316,0.294240653514862,0.2586167454719543,0.2919555306434631,0.0310024355509951,0.0189255195720062,0.1860465116279069,0.1741935483870967,1.0,0.0,0.8,0.4,1.0,0.0,0.8,0.2,1.0,0.0,0.4,0.2,1.0,0.0,0.65,0.2,0.0,1.0,0.4,0.7,1.0,0.0,0.7,0.3,1.0,0.0,0.55,0.15
development/dev_track_a,45,0.6684557515001317,0.7731603847022994,False,0.7719365630225464,0.7315989456654852,0.6684557515001317,0.7731603847022994,0.3672655818479625,0.4023804519901957,0.6746785827459983,0.6746786430669688,0.3672655818479625,0.4023804519901957,0.778593625300415,1.0335349264785845,0.9999997913837696,0.9999999105930396,0.778593625300415,1.0335349264785845,0.0443680482643038,0.1142324263604552,0.2078898425456662,0.4339209900536126,0.0443680482643038,0.1142324263604552,0.0305005426648406,0.0615416386611039,0.0769527202963233,0.1559252421095797,0.0305005426648406,0.0615416386611039,0.2108742155026515,0.4391702058755274,0.5987947873661046,0.7358001092430893,0.2108742155026515,0.4391702058755274,0.2029644697904586,0.1172042787075042,0.2609886527061462,0.2384235113859176,0.0176174160633687,0.020281627723029,0.1561181434599156,0.1651376146788991,1.0,0.0,0.15,0.1,0.0,1.0,0.2,0.8,1.0,0.0,0.1,0.05,0.0,1.0,0.1,0.3,1.0,0.0,0.6,0.3,0.0,1.0,0.3,0.55,0.0,1.0,0.25,0.45
development/dev_track_a,46,0.6537481878246785,0.5060322888297882,False,0.8613493607819842,0.8421188781119731,0.6537481878246785,0.5060322888297882,0.4054918595093867,0.2554621707641674,0.568103339189093,0.6343943694594889,0.4054918595093867,0.2554621707641674,0.4035453217191597,0.2121358751092255,0.9999998807907192,1.0,0.4035453217191597,0.2121358751092255,0.1396150197081009,0.1199805153047906,0.3943099116697661,0.3434919326146142,0.1396150197081009,0.1199805153047906,0.0768054126561848,0.0509576208045375,0.1717842219183613,0.1362471147684234,0.0768054126561848,0.0509576208045375,0.0242102930509122,0.1042986667541241,0.2932238998506028,0.1385775746283978,0.0242102930509122,0.1042986667541241,0.2177712023258209,0.3603084683418274,0.3061480820178985,0.3283100128173828,0.0142851771450727,0.0241192265270193,0.1328125,0.1630434782608695,0.0,1.0,0.2,0.6,1.0,0.0,0.8,0.2,0.0,1.0,0.1,0.4,0.0,1.0,0.1,0.3,1.0,0.0,0.45,0.2,1.0,0.0,0.6,0.35,0.0,1.0,0.2,0.55
development/dev_track_a,47,0.5792111259723296,0.5806970085554777,False,0.8694855726378473,0.7719829814444209,0.5792111259723296,0.5806970085554777,0.268134214046316,0.3267468424192752,0.7883670582333734,0.5038948650485437,0.268134214046316,0.3267468424192752,0.9054189423700052,0.8795078534009226,0.9999998807907192,1.0,0.9054189423700052,0.8795078534009226,0.1003350044589064,0.1010754048212102,0.2377292953315092,0.2196600841399492,0.1003350044589064,0.1010754048212102,0.0198763128697927,0.0356722319965459,0.1103754248063322,0.1449566091416216,0.0198763128697927,0.0356722319965459,0.148918370479369,0.1457201572617599,0.4459904638333736,0.4335192309963382,0.148918370479369,0.1457201572617599,0.244143545627594,0.3266038298606872,0.3045642375946045,0.3597643971443176,0.0231981778691172,0.0154489009080889,0.1696428571428571,0.1259842519685039,1.0,0.0,0.7,0.5,0.0,1.0,0.0,0.85,1.0,0.0,0.7,0.4,0.0,1.0,0.2,0.5,1.0,0.0,0.6,0.3,0.0,1.0,0.4,0.55,0.0,1.0,0.4,0.8
development/dev_track_a,48,0.8597079254709995,0.6331744137973266,False,0.9018373606398868,0.914284120287404,0.8597079254709995,0.6331744137973266,0.5113526804297369,0.4248920224247465,0.7172569755826892,0.7278164136683289,0.5113526804297369,0.4248920224247465,1.2681215270389796,0.7922967144966448,0.9999998509884054,0.9999999701976772,1.2681215270389796,0.7922967144966448,0.1032012061702638,0.1008690410668565,0.3102173904770992,0.3159466927799687,0.1032012061702638,0.1008690410668565,0.0420440346464636,0.049544660629736,0.15995128808832,0.1856024987355034,0.0420440346464636,0.049544660629736,0.3657942111290965,0.15404511122733,0.535716006224404,0.5573602797553604,0.3657942111290965,0.15404511122733,0.2703713178634643,0.3100408017635345,0.3467038869857788,0.2602933943271637,0.0205206733881703,0.0202977921159417,0.1621621621621621,0.1520467836257309,0.0,1.0,0.1,0.55,1.0,0.0,0.45,0.2,0.0,1.0,0.1,0.4,0.0,1.0,0.1,0.3,0.0,1.0,0.2,0.45,0.0,1.0,0.2,0.7,0.0,1.0,0.3,0.7
development/dev_track_a,49,0.8750288578091341,0.6609537602979423,True,0.8864682452120488,0.8874438539214309,0.8750288578091341,0.6609537602979423,0.5627855400332974,0.4306761306320886,0.7351699787175681,0.6645906967412595,0.5627855400332974,0.4306761306320886,1.331756839647052,0.4705645315302569,0.9999998807907192,0.999999821186087,1.331756839647052,0.4705645315302569,0.1444682268251033,0.1251307536574216,0.3250464178436859,0.3542237998231464,0.1444682268251033,0.1251307536574216,0.0827754189879647,0.0639112275529473,0.2179758913256188,0.1495019906632988,0.0827754189879647,0.0639112275529473,0.2415019689582348,0.1203288781539847,0.6127045519416362,0.42064807134735,0.2415019689582348,0.1203288781539847,0.3412052392959595,0.2539768815040588,0.3608645498752594,0.2602327167987823,0.0053803728209114,0.0087128036686933,0.15,0.1348837209302325,1.0,0.0,0.4,0.2,1.0,0.0,0.85,0.1,1.0,0.0,0.4,0.2,0.0,1.0,0.1,0.4,1.0,0.0,0.3,0.15,1.0,0.0,0.65,0.3,0.0,1.0,0.1,0.55
development/dev_track_a,50,0.3131148156105229,0.6172183412597474,True,0.8543626243635863,0.8668737570197872,0.3131148156105229,0.6172183412597474,0.2612922598112581,0.3906334133963158,0.6428110429273792,0.7072437580082611,0.2612922598112581,0.3906334133963158,0.4691716597743839,0.6878427103060991,0.9999999701976772,0.9999999105930396,0.4691716597743839,0.6878427103060991,0.1124382508364273,0.1184220700529241,0.2370427274873473,0.3971230923456099,0.1124382508364273,0.1184220700529241,0.040235921074588,0.067105601357252,0.123839259213951,0.2182514653257732,0.040235921074588,0.067105601357252,0.0973951929603974,0.1444467652253788,0.3962515720845488,0.4113333729113382,0.0973951929603974,0.1444467652253788,0.2501401603221893,0.3013314604759216,0.2964145839214325,0.2855398058891296,0.0058465410242123,0.0233336118357089,0.11875,0.1481481481481481,1.0,0.0,0.6,0.2,1.0,0.0,0.8,0.15,1.0,0.0,0.4,0.1,1.0,0.0,0.5,0.2,1.0,0.0,0.45,0.2,1.0,0.0,0.7,0.25,1.0,0.0,0.6,0.35
development/dev_track_a,51,0.2880233599111667,0.2851095636179029,False,0.6509601889896167,0.7153349858123081,0.2880233599111667,0.2851095636179029,0.1134662953924226,0.1071050979797641,0.4210848557302472,0.401515430121697,0.1134662953924226,0.1071050979797641,0.738656358267712,0.8738952218178967,1.0000000298023184,0.9999999105930396,0.738656358267712,0.8738952218178967,0.0623728611325754,0.0497056306737097,0.1480629937485356,0.1369817975938416,0.0623728611325754,0.0497056306737097,0.0180304037694976,0.0189762811876994,0.0467554461424927,0.0377142917570254,0.0180304037694976,0.0189762811876994,0.0993532606724396,0.1150641110747364,0.335118945134434,0.2951931329758775,0.0993532606724396,0.1150641110747364,0.3032750487327575,0.254101037979126,0.3174408674240112,0.2928693294525146,0.0265458303316588,0.0241875311012595,0.1685823754789272,0.1468531468531468,0.0,1.0,0.15,0.4,1.0,0.0,0.7,0.3,0.0,1.0,0.1,0.4,0.0,1.0,0.1,0.3,1.0,0.0,0.3,0.1,0.0,1.0,0.45,0.72,0.0,1.0,0.2,0.6
development/dev_track_a,52,0.6659102152918172,0.4890739708954338,True,0.8428058215611194,0.8859940307147466,0.6659102152918172,0.4890739708954338,0.5012541039757238,0.3450278864269113,0.6285858409723846,0.7719504509031235,0.5012541039757238,0.3450278864269113,0.7628172503960632,0.4481148218007815,0.9999999403953606,0.9999998807907248,0.7628172503960632,0.4481148218007815,0.1579086595848833,0.1305958441430938,0.3548027103253041,0.4122670163826123,0.1579086595848833,0.1305958441430938,0.0681155222953727,0.0612737671224841,0.1891254459628921,0.2494992083864108,0.0681155222953727,0.0612737671224841,0.1004079875414524,0.0029893105163049,0.3449227730443041,0.0114944478314948,0.1004079875414524,0.0029893105163049,0.4428175091743469,0.2918092608451843,0.3771482706069946,0.2963979840278625,0.0677527001237613,0.0211363800526013,0.201058201058201,0.1683501683501683,0.0,1.0,0.4,0.7,1.0,0.0,0.8,0.2,1.0,0.0,0.4,0.2,0.0,1.0,0.2,0.6,0.0,1.0,0.3,0.7,0.0,1.0,0.35,0.65,0.0,1.0,0.25,0.55
development/dev_track_a,53,0.9256519046110262,0.8470362385011564,False,0.9999997615814492,0.7633463426415512,0.9256519046110262,0.8470362385011564,0.6819767154893217,0.5483323225421672,0.9999999701976772,0.4731743822731975,0.6819767154893217,0.5483323225421672,0.1996183668301241,0.8817727445358923,0.9999998509884054,0.9999999403953606,0.1996183668301241,0.8817727445358923,0.1966379712173541,0.1373962531579131,0.5331086608085612,0.3809237344046153,0.1966379712173541,0.1373962531579131,0.1282821320535857,0.0888645507015983,0.3315110554976274,0.2328145270657959,0.1282821320535857,0.0888645507015983,0.0429168824359594,0.1075840126969301,0.1139859512387043,0.2634675074727255,0.0429168824359594,0.1075840126969301,0.3701369762420654,0.3052625954151153,0.3646804988384247,0.317710816860199,0.049431185411384,0.0177367635678075,0.1587301587301587,0.12,1.0,0.0,0.7,0.4,0.0,1.0,0.2,0.8,0.0,1.0,0.4,0.6,0.0,1.0,0.2,0.65,0.0,1.0,0.3,0.7,0.0,1.0,0.38,0.72,0.0,1.0,0.3,0.7
development/dev_track_a,54,0.5538321588735206,0.6543838073031615,False,0.9395031405087542,0.9373931363352376,0.5538321588735206,0.6543838073031615,0.3562894003710547,0.4038982470992759,0.7305710258569426,0.7539691475648249,0.3562894003710547,0.4038982470992759,0.1191939485006038,0.2480620131070583,0.9887964424132244,1.0000000298023184,0.1191939485006038,0.2480620131070583,0.1478703782865062,0.102273034166809,0.4300350992291012,0.3243124661382243,0.1478703782865062,0.102273034166809,0.0732788503085193,0.0472612221427023,0.2495751295304005,0.1706301932893114,0.0732788503085193,0.0472612221427023,0.0334961504944676,0.1585566258124988,-0.0157038182838279,0.3406907088135568,0.0334961504944676,0.1585566258124988,0.3456654548645019,0.4704700708389282,0.311992883682251,0.3864389657974243,0.026895617423714,0.0256622412823436,0.1714285714285714,0.1682242990654205,1.0,0.0,0.45,0.3,1.0,0.0,0.7,0.3,0.0,1.0,0.2,0.6,0.0,1.0,0.2,0.65,0.0,1.0,0.3,0.7,0.0,1.0,0.42,0.71,0.0,1.0,0.3,0.7
development/dev_track_a,55,0.7489559603069602,0.6684926101911425,False,0.8490153731089386,0.8645827931663045,0.7489559603069602,0.6684926101911425,0.5237670551252114,0.4652572972258748,0.5929373391941382,0.6848613399432493,0.5237670551252114,0.4652572972258748,0.823719810192181,0.5315546876933507,0.9999999403953606,0.9999999403953552,0.823719810192181,0.5315546876933507,0.189138284972401,0.1512241555989836,0.4713281348645355,0.4076321545790369,0.189138284972401,0.1512241555989836,0.076482729870163,0.054596127345898,0.2335607165431999,0.2317977520363106,0.076482729870163,0.054596127345898,0.2420236959757557,0.1282553067848201,0.700981979333521,0.3812692091372275,0.2420236959757557,0.1282553067848201,0.1195692121982574,0.2813081741333008,0.2825440466403961,0.3278688192367553,0.0185818644528181,0.0185223737321344,0.1807909604519774,0.2006472491909385,0.0,1.0,0.1,0.2,1.0,0.0,0.7,0.3,0.0,1.0,0.1,0.3,0.0,1.0,0.1,0.3,1.0,0.0,0.4,0.2,1.0,0.0,0.55,0.3,1.0,0.0,0.3,0.1
development/dev_track_a,56,0.8970569099024295,0.6363037138613795,False,0.9999999403953606,0.7522867469616696,0.8970569099024295,0.6363037138613795,0.526765000371827,0.3844616505819815,0.999999940395366,0.5070850840705533,0.526765000371827,0.3844616505819815,0.4428210136637834,0.598592096808225,1.0,0.9999999105930396,0.4428210136637834,0.598592096808225,0.1791041349695687,0.1097079938215579,0.4786077464979233,0.3237843102444052,0.1791041349695687,0.1097079938215579,0.1139219016017791,0.0880280899502629,0.3302712522391027,0.1447422799360739,0.1139219016017791,0.0880280899502629,0.0580280936254129,0.0473035978226332,0.3531144681246961,-0.0055584723509243,0.0580280936254129,0.0473035978226332,0.4458147883415222,0.4604774117469787,0.3975056111812591,0.3699257373809814,0.0325635590353829,0.041398729785213,0.1726618705035971,0.1506849315068493,1.0,0.0,0.8,0.4,1.0,0.0,0.8,0.2,1.0,0.0,0.7,0.4,0.0,1.0,0.2,0.6,1.0,0.0,0.55,0.3,1.0,0.0,0.7,0.45,0.0,1.0,0.35,0.45
development/dev_track_a,57,0.8566900223624417,0.8670309692083232,True,0.8948601609635162,1.0,0.8566900223624417,0.8670309692083232,0.5861851395794823,0.7000812817633133,0.6851223282333686,0.9999997913837696,0.5861851395794823,0.7000812817633133,0.6702374435744873,0.5692939240517968,0.999999821186087,0.999999821186087,0.6702374435744873,0.5692939240517968,0.1847220781233254,0.1815525600107037,0.4894563347164138,0.4586114638546407,0.1847220781233254,0.1815525600107037,0.0827925187451375,0.0963688769628437,0.2355675074651435,0.2491367879228944,0.0827925187451375,0.0963688769628437,0.1600742394227143,0.1037421756487089,0.3326435742334173,0.379338798321264,0.1600742394227143,0.1037421756487089,0.355024129152298,0.3999071717262268,0.3725454807281494,0.3487323224544525,0.0391707072517139,0.0309157532055032,0.1403508771929824,0.16,1.0,0.0,0.8,0.2,1.0,0.0,0.8,0.2,1.0,0.0,0.7,0.2,1.0,0.0,0.65,0.3,1.0,0.0,0.6,0.3,1.0,0.0,0.8,0.35,1.0,0.0,0.65,0.3
development/dev_track_a,58,0.7393462590533258,0.7432917731982959,True,0.9181684304375408,1.0,0.7393462590533258,0.7432917731982959,0.5352283556547137,0.5410995113881831,0.8412562797956133,0.9999999105930396,0.5352283556547137,0.5410995113881831,0.5848111676378829,0.2854236197449389,0.9999999403953552,0.9999998807907192,0.5848111676378829,0.2854236197449389,0.1786692804294956,0.1719079472870351,0.4374180393889305,0.4826018123685872,0.1786692804294956,0.1719079472870351,0.080703687383073,0.0986107530108264,0.286359893211735,0.3620390783125758,0.080703687383073,0.0986107530108264,0.119766193275552,0.0461972687735472,0.3737730360033079,0.2644625014034316,0.119766193275552,0.0461972687735472,0.3622300028800964,0.3333643078804016,0.314034640789032,0.3960414826869964,0.0175757245625232,0.0398045094011673,0.1442307692307692,0.1724137931034483,1.0,0.0,0.8,0.6,1.0,0.0,0.8,0.2,1.0,0.0,0.7,0.4,1.0,0.0,0.7,0.3,1.0,0.0,0.5,0.3,1.0,0.0,0.75,0.4,1.0,0.0,0.7,0.25
development/dev_track_a,59,0.4896570195663746,0.5122469013955481,True,0.6952219372723177,0.7831929584511568,0.4896570195663746,0.5122469013955481,0.2951659438777442,0.2941522205127745,0.3843920483238648,0.5343209304927367,0.2951659438777442,0.2941522205127745,0.2112692128610915,0.457617222394918,0.9999999105930396,0.9999998509884054,0.2112692128610915,0.457617222394918,0.0539392595327255,0.0949411205524417,0.2817955480142802,0.3497584332726948,0.0539392595327255,0.0949411205524417,0.0167122886339288,0.0447640197637786,0.0868838272663754,0.1955291395501341,0.0167122886339288,0.0447640197637786,0.0670768188951727,0.078569925992534,0.086641367401613,0.2904339574999122,0.0670768188951727,0.078569925992534,0.3086506724357605,0.2666024565696716,0.3481462597846985,0.3205331861972809,0.0112045893523296,0.0214133851265516,0.1214574898785425,0.1406727828746177,1.0,0.0,0.4,0.2,0.0,1.0,0.1,0.8,1.0,0.0,0.15,0.1,0.0,1.0,0.1,0.4,0.0,1.0,0.15,0.25,1.0,0.0,0.45,0.3,1.0,0.0,0.35,0.15
development/dev_track_a,60,0.6948488804219123,0.6756241863299072,False,0.8452469891015304,0.9207967018131372,0.6948488804219123,0.6756241863299072,0.1397902589176604,0.1180007595483588,0.6555726928838311,0.8019368527588071,0.1397902589176604,0.1180007595483588,0.9828987429150668,1.084743252068188,0.9999999701976772,0.9999999403953606,0.9828987429150668,1.084743252068188,0.1879815829610794,0.1393954865219134,0.4115568900761935,0.3364741778033569,0.1879815829610794,0.1393954865219134,0.0920681705387768,0.0693858885373333,0.228183485114449,0.1746506697534666,0.0920681705387768,0.0693858885373333,0.5272986139466735,0.3236489228684135,0.7815143241604975,0.466752506585695,0.5272986139466735,0.3236489228684135,0.4948629438877105,0.2164058089256286,0.2205252945423126,0.3058889210224151,0.0203925224371378,0.0165755672477016,0.1393442622950819,0.1405750798722044,1.0,0.0,0.8,0.4,1.0,0.0,0.8,0.2,1.0,0.0,0.7,0.4,0.0,1.0,0.3,0.7,0.0,1.0,0.3,0.7,1.0,0.0,0.65,0.4,1.0,0.0,0.6,0.35
development/dev_track_a,61,0.6117665059386717,0.5768494625134734,False,0.763134791664197,0.7127498134672864,0.6117665059386717,0.5768494625134734,0.367714053675053,0.2433676185602115,0.5999286830489017,0.4163000931560945,0.367714053675053,0.2433676185602115,0.9540848856461672,0.6393911770078655,1.0000000298023235,0.9999999105930396,0.9540848856461672,0.6393911770078655,0.0972879773031309,0.0973761553321962,0.3523949284512865,0.2655750478111789,0.0972879773031309,0.0973761553321962,0.0572310774034162,0.0428676338815253,0.1974181231947475,0.1071058857784377,0.0572310774034162,0.0428676338815253,0.4177108786222794,0.1479961830054026,0.6543867259155229,0.3912477795971208,0.4177108786222794,0.1479961830054026,0.2620625495910644,0.1404012143611908,0.30827397108078,0.3744311928749084,0.0276785482426178,0.0259214039511253,0.1630901287553648,0.167487684729064,1.0,0.0,0.45,0.3,0.0,1.0,0.2,0.6,0.0,1.0,0.1,0.4,0.0,1.0,0.1,0.3,0.0,1.0,0.2,0.6,0.0,1.0,0.35,0.7,0.0,1.0,0.15,0.55
development/dev_track_a,62,0.7373413445749704,0.5178064824966707,False,1.0,0.6792180324532947,0.7373413445749704,0.5178064824966707,0.5037247240498492,0.2932173998731998,0.9999999701976772,0.4858701092716973,0.5037247240498492,0.2932173998731998,0.8107588348989949,0.5449468041256462,1.0,1.000000059604643,0.8107588348989949,0.5449468041256462,0.0988097517868671,0.0915397263992325,0.2968965450333811,0.2865430028870284,0.0988097517868671,0.0915397263992325,0.0578001967751102,0.0433775064831127,0.1438695717775316,0.1302682854836003,0.0578001967751102,0.0433775064831127,0.3095376754551626,0.2228388368330398,0.6342774077662912,0.5705967663273156,0.3095376754551626,0.2228388368330398,0.2703932523727417,0.3783573508262634,0.3076629638671875,0.3650117516517639,0.0332370952115012,0.0387998296620411,0.1459227467811159,0.2023809523809523,0.0,1.0,0.15,0.4,1.0,0.0,0.85,0.2,0.0,1.0,0.2,0.6,0.0,1.0,0.2,0.5,1.0,0.0,0.55,0.3,0.0,1.0,0.45,0.8,0.0,1.0,0.35,0.55
development/dev_track_a,63,0.784788834475589,0.524214942316683,True,0.8086349596220304,0.9999998807907248,0.784788834475589,0.524214942316683,0.4087375373976604,0.2172209410921697,0.5538880760803132,0.999999940395366,0.4087375373976604,0.2172209410921697,0.6239780617181728,0.8915801804344243,0.9999999105930396,0.9999999105930396,0.6239780617181728,0.8915801804344243,0.1461518893711393,0.0898246492413009,0.3752074235732952,0.302556073107794,0.1461518893711393,0.0898246492413009,0.0677362252856597,0.0648058985773916,0.1824347542207588,0.1962095969246771,0.0677362252856597,0.0648058985773916,0.0978793697821996,0.2153609771415483,0.3145549315451036,0.4007737287055092,0.0978793697821996,0.2153609771415483,0.4038370549678802,0.2594704926013946,0.3277796506881714,0.2662500739097595,0.0175396620669555,0.023493494728296,0.1291759465478842,0.1468682505399567,1.0,0.0,0.7,0.2,1.0,0.0,0.8,0.2,1.0,0.0,0.4,0.2,1.0,0.0,0.65,0.3,1.0,0.0,0.55,0.2,1.0,0.0,0.82,0.28,1.0,0.0,0.35,0.1
development/dev_track_a,64,0.4352437351803656,0.4903239537739427,True,0.6478327722649125,0.7682255782812144,0.4352437351803656,0.4903239537739427,0.193274905892916,0.1778044216593644,0.4982470571994808,0.7116428189490558,0.193274905892916,0.1778044216593644,0.5485213288532013,0.3264616786322148,0.9999999701976772,0.9999998807907192,0.5485213288532013,0.3264616786322148,0.0446081368527619,0.0820855142976845,0.1728139519295784,0.2585672836340194,0.0446081368527619,0.0820855142976845,0.0106279474741443,0.0418443749401476,0.0681915325587309,0.1447813010066633,0.0106279474741443,0.0418443749401476,0.0886878209714701,0.1181551152505019,0.2484512607426547,0.4272730727425662,0.0886878209714701,0.1181551152505019,0.2818406820297241,0.355544775724411,0.2921735644340515,0.3855023086071014,0.0242396643328043,0.0198720426438817,0.1855670103092783,0.1368078175895765,1.0,0.0,0.8,0.2,1.0,0.0,0.7,0.2,1.0,0.0,0.4,0.1,0.0,1.0,0.2,0.6,1.0,0.0,0.45,0.25,1.0,0.0,0.35,0.2,1.0,0.0,0.55,0.3
development/dev_track_a,65,0.3980281136889696,0.8037195483369105,True,0.8479208531474051,0.8975223425004074,0.3980281136889696,0.8037195483369105,0.2065529273634983,0.4650726045480646,0.5714766042544491,0.7995304704272144,0.2065529273634983,0.4650726045480646,0.6898063762950222,0.4708078587450691,0.9999999403953606,0.9999999701976772,0.6898063762950222,0.4708078587450691,0.0866741171502146,0.1816500077436707,0.232600628619413,0.354589337916406,0.0866741171502146,0.1816500077436707,0.0362297333294695,0.0821761921281859,0.1003045344516549,0.161556924729345,0.0362297333294695,0.0821761921281859,0.1172075906353306,0.169059116948,0.2632080011828128,0.4325303525749759,0.1172075906353306,0.169059116948,0.589652955532074,0.1960296928882599,0.3168294727802276,0.3421618938446045,0.0421579929937578,0.0212611813520152,0.1806167400881057,0.1578947368421052,1.0,0.0,0.55,0.2,1.0,0.0,0.8,0.2,1.0,0.0,0.4,0.1,0.0,1.0,0.2,0.5,1.0,0.0,0.55,0.2,0.0,1.0,0.45,0.55,1.0,0.0,0.7,0.3
development/dev_track_a,66,0.8878324088522249,0.5528187520107926,False,0.999999821186087,0.863244720504004,0.8878324088522249,0.5528187520107926,0.8048274079427821,0.1863218146226549,0.999999940395366,0.7618608758615404,0.8048274079427821,0.1863218146226549,0.8198716085421005,0.7763247273400204,0.9999998807907248,0.9999999403953606,0.8198716085421005,0.7763247273400204,0.1263997838052528,0.0709168164915594,0.3840975416167527,0.2604986455964196,0.1263997838052528,0.0709168164915594,0.0711240810792424,0.0415579739393542,0.2134340768414059,0.1269303479876909,0.0711240810792424,0.0415579739393542,0.0785592274460462,0.1495256079790202,0.2993837385307295,0.3233414351555109,0.0785592274460462,0.1495256079790202,0.4172326922416687,0.251824676990509,0.3744156956672668,0.4166647791862488,0.0241729209036975,0.0250468326658169,0.1580547112462006,0.160458452722063,0.0,1.0,0.15,0.8,1.0,0.0,0.8,0.2,0.0,1.0,0.1,0.6,1.0,0.0,0.45,0.2,0.0,1.0,0.2,0.65,0.0,1.0,0.3,0.7,0.0,1.0,0.15,0.7
development/dev_track_a,67,0.8352738612810209,0.9028187644668004,False,0.8563593201208926,0.8853552478128376,0.8352738612810209,0.9028187644668004,0.5503859098973708,0.2080562824844998,0.6060015432832786,0.7006845831054946,0.5503859098973708,0.2080562824844998,0.3464667881289667,0.5813311370299156,0.9999998807907248,0.9999998807907248,0.3464667881289667,0.5813311370299156,0.0956339235587483,0.1043079370200783,0.1962496138459428,0.2382560907284716,0.0956339235587483,0.1043079370200783,0.0439243440706889,0.0343763115040929,0.1198853353291149,0.1059914294764287,0.0439243440706889,0.0343763115040929,0.0621286324482469,0.1903496184548659,0.2961865662094763,0.4251877735066365,0.0621286324482469,0.1903496184548659,0.4849518537521362,0.410838782787323,0.2654558420181274,0.2910115718841553,0.0104060197770278,0.0132950151044349,0.1716417910447761,0.1614035087719298,1.0,0.0,0.3,0.1,1.0,0.0,0.8,0.2,1.0,0.0,0.4,0.2,0.0,1.0,0.1,0.3,1.0,0.0,0.4,0.2,1.0,0.0,0.65,0.35,1.0,0.0,0.55,0.25
development/dev_track_a,68,0.5889714861316167,0.4874856943201567,False,0.8124567493847907,0.7494241744623094,0.5889714861316167,0.4874856943201567,0.3825226317083756,0.3219303431939325,0.5040489430369207,0.452368888117738,0.3825226317083756,0.3219303431939325,0.8920817698285509,0.5531517092046706,0.9999998807907248,0.999999821186087,0.8920817698285509,0.5531517092046706,0.1042663493170495,0.1203144724637026,0.2658183015640035,0.2635530090505557,0.1042663493170495,0.1203144724637026,0.0609769874961821,0.0338334352164309,0.1500089806876519,0.1219882259298196,0.0609769874961821,0.0338334352164309,0.1168464902209692,0.0809480134439285,0.1943113797933207,0.2680465445990264,0.1168464902209692,0.0809480134439285,0.3863560557365417,0.3324320018291473,0.3553475737571716,0.4212175011634826,0.0224802384240782,0.0107463622889566,0.1639344262295081,0.1527777777777777,1.0,0.0,0.4,0.1,1.0,0.0,0.8,0.2,1.0,0.0,0.4,0.2,0.0,1.0,0.1,0.4,1.0,0.0,0.55,0.3,1.0,0.0,0.7,0.35,1.0,0.0,0.7,0.5
development/dev_track_a,69,0.6309087275374087,0.6804508550581414,False,0.8467407409261773,0.8731498869478838,0.6309087275374087,0.6804508550581414,0.4415587672937361,0.4149701878864443,0.6373152189287083,0.7260391822398892,0.4415587672937361,0.4149701878864443,0.6008509967749778,0.9801671272447622,0.9999997913837696,0.9999998807907248,0.6008509967749778,0.9801671272447622,0.1112207223138291,0.163413521378335,0.4255463041643234,0.3799913609290547,0.1112207223138291,0.163413521378335,0.0644997915722942,0.0372051722111202,0.2332655123790332,0.1434105462850161,0.0644997915722942,0.0372051722111202,0.0532284486982688,0.1536189702503271,0.1908298984318456,0.3970939368198861,0.0532284486982688,0.1536189702503271,0.4450308084487915,0.2959930598735809,0.3934302926063537,0.3612408936023712,0.020618165364431,0.0162048422937357,0.1742424242424242,0.1407407407407407,1.0,0.0,0.4,0.1,0.0,1.0,0.15,0.7,1.0,0.0,0.4,0.1,0.0,1.0,0.2,0.4,1.0,0.0,0.3,0.15,1.0,0.0,0.65,0.35,1.0,0.0,0.6,0.35
development/dev_track_a,70,0.4686054938070318,0.5058649503583309,True,0.7124175176122763,0.8136990292431081,0.4686054938070318,0.5058649503583309,0.2253037055589438,0.2604471597679655,0.3687818018691136,0.693707383429124,0.2253037055589438,0.2604471597679655,0.7353354098468852,0.6733784649617409,1.0,1.0,0.7353354098468852,0.6733784649617409,0.0487609210692494,0.0650792618220693,0.153716569858784,0.1788967737319088,0.0487609210692494,0.0650792618220693,0.0165619239047888,0.0180552535093987,0.047837663072497,0.1328721865606678,0.0165619239047888,0.0180552535093987,0.5764043056629521,0.3225561821210257,0.734560522241649,0.3953024395290521,0.5764043056629521,0.3225561821210257,0.4124301075935364,0.4577065706253052,0.2702046930789947,0.2989720702171325,0.0249414723799083,0.0288909657519372,0.1639344262295081,0.1616766467065868,1.0,0.0,0.6,0.4,1.0,0.0,0.85,0.1,1.0,0.0,0.4,0.3,0.0,1.0,0.2,0.7,1.0,0.0,0.35,0.15,1.0,0.0,0.65,0.45,0.0,1.0,0.3,0.7
development/dev_track_a,71,0.6727408321386671,0.7771712365779574,False,0.8820974967363481,0.9999998807907248,0.6727408321386671,0.7771712365779574,0.4363218326210599,0.5837885877754799,0.7662187497355044,0.9999999701976772,0.4363218326210599,0.5837885877754799,0.7246122884331074,0.8804064334737961,0.9999998509884054,0.9999998509884054,0.7246122884331074,0.8804064334737961,0.107319745977691,0.1601846805113251,0.4018605625019835,0.4159651343798514,0.107319745977691,0.1601846805113251,0.0423584998384313,0.078339972560973,0.2207767832516089,0.2640391115666981,0.0423584998384313,0.078339972560973,0.1475807899045488,0.1244512952591277,0.5121348245668395,0.4370692560043293,0.1475807899045488,0.1244512952591277,0.2513938546180725,0.299233078956604,0.4041326642036438,0.386405736207962,0.0131835321257924,0.0201283428541539,0.1309090909090909,0.1721518987341772,0.0,1.0,0.1,0.7,1.0,0.0,0.85,0.1,0.0,1.0,0.1,0.4,0.0,1.0,0.15,0.4,0.0,1.0,0.2,0.7,0.0,1.0,0.3,0.7,0.0,1.0,0.2,0.6
development/dev_track_a,72,0.8010755263398165,0.6291838333649614,True,0.8343027431603977,0.8052716371255152,0.8010755263398165,0.6291838333649614,0.5773894669107401,0.2988230855140774,0.6263574957847629,0.5270490489289469,0.5773894669107401,0.2988230855140774,0.8467665403478896,0.7619008231908281,0.9999999105930396,0.999999880790714,0.8467665403478896,0.7619008231908281,0.1112218991591853,0.1076233554702596,0.3300685736121167,0.3416658646577592,0.1112218991591853,0.1076233554702596,0.0687323205080887,0.0424162190727092,0.1765189162055189,0.1276439752569262,0.0687323205080887,0.0424162190727092,0.1680086098728678,0.0771886659187253,0.3304413949622439,0.2488073571633891,0.1680086098728678,0.0771886659187253,0.3549457192420959,0.3390772938728332,0.1824772506952285,0.2739735245704651,0.0169919274245724,0.0320309150607671,0.1451104100946372,0.1754385964912281,1.0,0.0,0.55,0.1,1.0,0.0,0.8,0.2,1.0,0.0,0.4,0.2,1.0,0.0,0.45,0.2,1.0,0.0,0.4,0.15,1.0,0.0,0.7,0.2,0.0,1.0,0.35,0.55
development/dev_track_a,73,0.5825976664404873,0.5564861799867428,False,0.8079518308696948,0.7521043715352569,0.5825976664404873,0.5564861799867428,0.3930728904812652,0.347237430863155,0.5196883809845128,0.5147003667324475,0.3930728904812652,0.347237430863155,0.4078139986253317,0.5264574527260928,0.9999999403953552,0.9999999403953552,0.4078139986253317,0.5264574527260928,0.136537356152273,0.0945614653170638,0.384623750448883,0.2938518494901213,0.136537356152273,0.0945614653170638,0.0563086985628743,0.0418059018294752,0.1707773364134077,0.190774855963966,0.0563086985628743,0.0418059018294752,0.1607344527338217,0.0837950654909081,0.1735488580880022,0.3268581470262663,0.1607344527338217,0.0837950654909081,0.3531444668769836,0.3316059112548828,0.3396355509757995,0.2810247540473938,0.0197386984941402,0.0097851955877431,0.1702127659574468,0.1437125748502994,1.0,0.0,0.4,0.2,0.0,1.0,0.2,0.8,0.0,1.0,0.1,0.6,0.0,1.0,0.15,0.5,0.0,1.0,0.2,0.5,0.0,1.0,0.3,0.8,0.0,1.0,0.15,0.75
development/dev_track_a,74,0.5415312015701508,0.4905119866951232,True,0.8878032102819431,0.9414663349708136,0.5415312015701508,0.4905119866951232,0.3068461206881872,0.275493199143516,0.7765742210657292,0.8656337083309542,0.3068461206881872,0.275493199143516,0.7219429836028922,0.7128131690358113,0.9999999701976824,0.9999999403953606,0.7219429836028922,0.7128131690358113,0.0875399929134829,0.1050575071690849,0.3055737994655751,0.3268722637179872,0.0875399929134829,0.1050575071690849,0.0279340898560809,0.053085314431217,0.13033188815381,0.1431111191215752,0.0279340898560809,0.053085314431217,0.1009635697067643,0.2506254090225291,0.4808359703454389,0.4668291171997638,0.1009635697067643,0.2506254090225291,0.3653493225574493,0.3830555081367492,0.2817333936691284,0.2842276990413666,0.0176373488918469,0.0278892439467126,0.1608391608391608,0.1811023622047244,1.0,0.0,0.55,0.2,1.0,0.0,0.8,0.2,1.0,0.0,0.4,0.2,1.0,0.0,0.65,0.3,1.0,0.0,0.55,0.2,1.0,0.0,0.7,0.3,0.0,1.0,0.35,0.65
development/dev_track_a,75,0.5440860758072951,0.5743261064882674,False,0.7198924160131912,0.6888513339935143,0.5440860758072951,0.5743261064882674,0.2817142935705503,0.2190745903227997,0.4321376931462128,0.494237497964131,0.2817142935705503,0.2190745903227997,0.8793087089118553,0.7137545813795173,0.9999998509884054,0.9999999105930396,0.8793087089118553,0.7137545813795173,0.0728931906821493,0.098905587800938,0.2196205284174855,0.2375365208240607,0.0728931906821493,0.098905587800938,0.0206754851033233,0.0471182167321998,0.0835492102302569,0.1159134061936544,0.0206754851033233,0.0471182167321998,0.1390979125538196,0.1969333522378417,0.3237575796380434,0.336966608603486,0.1390979125538196,0.1969333522378417,0.2542451024055481,0.2220471054315567,0.2583760917186737,0.2106299400329589,0.0237842374375749,0.0337818838415398,0.1658291457286432,0.1914191419141914,0.0,1.0,0.1,0.8,1.0,0.0,0.8,0.2,0.0,1.0,0.1,0.8,0.0,1.0,0.1,0.65,0.0,1.0,0.4,0.7,1.0,0.0,0.7,0.45,0.0,1.0,0.2,0.6
development/dev_track_a,76,0.800000529409388,0.5052444402787675,True,0.999999821186087,0.7787900698906155,0.800000529409388,0.5052444402787675,0.5955633173629014,0.2738189473213127,0.9999999701976772,0.5641059799067998,0.5955633173629014,0.2738189473213127,0.0677207148879402,0.0611909070747446,1.0,0.9999999403953606,0.0677207148879402,0.0611909070747446,0.1142667099493483,0.1010654590981628,0.2760694418659352,0.2849217835736433,0.1142667099493483,0.1010654590981628,0.0815519295556829,0.0335743107719306,0.1367415460801347,0.1267950874830573,0.0815519295556829,0.0335743107719306,0.0609950291030321,0.057551036956474,0.0011643287178655,0.1955676092624112,0.0609950291030321,0.057551036956474,0.3388662934303283,0.4979333281517029,0.3289782702922821,0.3614606857299804,0.0262497920501171,0.0366915811614538,0.1530343007915567,0.1828908554572271,1.0,0.0,0.7,0.3,1.0,0.0,0.85,0.1,0.0,1.0,0.4,0.7,1.0,0.0,0.7,0.3,0.0,1.0,0.3,0.7,1.0,0.0,0.7,0.45,1.0,0.0,0.6,0.4
development/dev_track_a,77,0.4175690602212286,0.8039345877878512,False,0.8738626988097788,0.8605637716574941,0.4175690602212286,0.8039345877878512,0.2138081576211368,0.6002510302557952,0.7226503606661582,0.7134316096556733,0.2138081576211368,0.6002510302557952,0.0877377982347559,0.1277108749498369,0.9999998509884054,0.9999998509884054,0.0877377982347559,0.1277108749498369,0.1315111458405917,0.1073190377622435,0.2447081733684365,0.3220594002297564,0.1315111458405917,0.1073190377622435,0.061418752224599,0.0710670907722618,0.1338159380869045,0.2095267105365123,0.061418752224599,0.0710670907722618,0.0901721621428251,0.0906110726702528,0.2583708068024808,0.2194444538867029,0.0901721621428251,0.0906110726702528,0.5763047933578491,0.4130107164382934,0.26967653632164,0.3077104985713959,0.0229108864322744,0.0247787808171913,0.1774193548387096,0.1885856079404466,0.0,1.0,0.2,0.6,1.0,0.0,0.85,0.1,0.0,1.0,0.1,0.4,0.0,1.0,0.2,0.5,0.0,1.0,0.3,0.7,0.0,1.0,0.5,0.7,0.0,1.0,0.25,0.6
development/dev_track_a,78,0.5356101028106617,0.3661124734621911,False,0.802241944999463,0.7780306007825613,0.5356101028106617,0.3661124734621911,0.2817045351140449,0.1746203258832685,0.4281803455137795,0.4876953974133256,0.2817045351140449,0.1746203258832685,0.6557103244423861,0.6577536403073434,0.9999999403953606,0.9999998807907248,0.6557103244423861,0.6577536403073434,0.0709504892991033,0.0471092068010785,0.2842611909124163,0.1704377356756737,0.0709504892991033,0.0471092068010785,0.0423034904639954,0.0161607678149504,0.1028625975200726,0.0563094343161741,0.0423034904639954,0.0161607678149504,0.0738334739309427,0.1609025625821207,0.2695164281383208,0.4434342742207506,0.0738334739309427,0.1609025625821207,0.2921909391880035,0.1968878507614135,0.221603512763977,0.2256912738084793,0.0169562200292231,0.0206910099040415,0.1491002570694087,0.1810344827586207,1.0,0.0,0.2,0.15,1.0,0.0,0.75,0.2,1.0,0.0,0.15,0.1,0.0,1.0,0.1,0.4,0.0,1.0,0.1,0.15,0.0,1.0,0.35,0.55,0.0,1.0,0.1,0.2
development/dev_track_a,79,0.610324115945684,1.038050712772814,False,0.8642558021240471,0.9252815335653384,0.610324115945684,1.038050712772814,0.3879222463648452,0.713121779207911,0.7240250439613967,0.7346172272011166,0.3879222463648452,0.713121779207911,0.8262256063635475,1.1284186810705954,0.9999999105930396,0.9999997615814528,0.8262256063635475,1.1284186810705954,0.1162001888230081,0.1466421270763974,0.3310398466218605,0.4946625367616013,0.1162001888230081,0.1466421270763974,0.0628891362017077,0.0918742901346758,0.1787129551011716,0.3232740167778513,0.0628891362017077,0.0918742901346758,0.2527548782639863,0.1734803028688891,0.5695421712862195,0.5594854610638943,0.2527548782639863,0.1734803028688891,0.4354669451713562,0.2732560634613037,0.37050262093544,0.3172125220298767,0.0058295434923595,0.008687674293724,0.1237113402061855,0.1298701298701298,1.0,0.0,0.45,0.15,1.0,0.0,0.85,0.15,0.0,1.0,0.1,0.4,0.0,1.0,0.2,0.65,0.0,1.0,0.1,0.15,0.0,1.0,0.3,0.55,0.0,1.0,0.35,0.55
development/dev_track_a,80,0.4826627459118629,0.5288034144122851,False,0.9002318501196086,0.9027594443846412,0.4826627459118629,0.5288034144122851,0.154721094348732,0.3995155634385021,0.794727158860735,0.7267508236466856,0.154721094348732,0.3995155634385021,0.719970823430183,0.8055306687533906,0.9999999403953606,0.9999998807907248,0.719970823430183,0.8055306687533906,0.0986737497498033,0.0637347132337928,0.2803901826731448,0.217744395596087,0.0986737497498033,0.0637347132337928,0.0222678786469491,0.0433999080542287,0.0631751300555792,0.0862240785552038,0.0222678786469491,0.0433999080542287,0.1330211405001917,0.2692764212727068,0.3712478118759284,0.3136730182896531,0.1330211405001917,0.2692764212727068,0.251936674118042,0.2844740152359009,0.3454434871673584,0.2760617136955261,0.0130496319824864,0.0106897291891096,0.1727019498607242,0.1432098765432098,1.0,0.0,0.8,0.4,0.0,1.0,0.3,0.8,1.0,0.0,0.7,0.4,0.0,1.0,0.15,0.5,0.0,1.0,0.3,0.7,0.0,1.0,0.45,0.78,0.0,1.0,0.4,0.7
development/dev_track_a,81,0.8585950260114167,0.9228026735364928,True,0.9999999403953606,1.0,0.8585950260114167,0.9228026735364928,0.4806424930171699,0.6175761995350578,0.9999999403953552,0.9999998509884054,0.4806424930171699,0.6175761995350578,0.8379749302640509,0.7311734681419887,1.0000000298023184,0.9999998807907192,0.8379749302640509,0.7311734681419887,0.1180154459155291,0.1296809017524096,0.2702590526979133,0.3619089168219461,0.1180154459155291,0.1296809017524096,0.0360193200331238,0.0608424549179875,0.0889699810895055,0.2121022953924125,0.0360193200331238,0.0608424549179875,0.1534695842814233,0.0666189914216999,0.4365877208643725,0.3137325782873891,0.1534695842814233,0.0666189914216999,0.3760878443717956,0.1986671984195709,0.2600230574607849,0.3052754402160644,0.0283109893221865,0.0220258420268354,0.1403508771929824,0.1863636363636363,1.0,0.0,0.7,0.1,1.0,0.0,0.8,0.2,1.0,0.0,0.4,0.1,1.0,0.0,0.55,0.2,1.0,0.0,0.55,0.25,0.0,1.0,0.3,0.55,1.0,0.0,0.55,0.25
development/dev_track_a,82,0.331639476855119,0.2289386885368705,True,0.8157286863650457,0.8749753981858017,0.331639476855119,0.2289386885368705,0.1346891554814957,0.2076917174150468,0.5810788003982873,0.5644735280620643,0.1346891554814957,0.2076917174150468,0.7454237943091649,0.8430599077586761,0.9999998807907248,0.9999999403953606,0.7454237943091649,0.8430599077586761,0.0568008214094891,0.0514798755691787,0.1731492513344399,0.1301194934817242,0.0568008214094891,0.0514798755691787,0.0269348463278351,0.0235054059224221,0.0667470314145372,0.0583787592437673,0.0269348463278351,0.0235054059224221,0.2328561038796553,0.122349686752123,0.2030286339990483,0.268255650106494,0.2328561038796553,0.122349686752123,0.3838295340538025,0.2145978808403015,0.2869338393211365,0.3037887811660766,0.0202715375173957,0.0162214324300108,0.1580246913580246,0.1475409836065573,1.0,0.0,0.4,0.1,1.0,0.0,0.8,0.2,1.0,0.0,0.4,0.1,0.0,1.0,0.2,0.5,1.0,0.0,0.55,0.25,1.0,0.0,0.7,0.3,1.0,0.0,0.75,0.3
development/dev_track_a,83,0.5632234412357476,0.7878386871214427,True,0.7702966469349489,0.9253316014609811,0.5632234412357476,0.7878386871214427,0.2842169573798408,0.6701228716658384,0.5243639320893368,0.7520242629022285,0.2842169573798408,0.6701228716658384,0.8069978054162745,0.8008604917169506,1.0,0.9999999403953552,0.8069978054162745,0.8008604917169506,0.0931942849657456,0.130175708616487,0.3631735941901222,0.4669474871515507,0.0931942849657456,0.130175708616487,0.0416437322294046,0.0857855610423935,0.1507247109535122,0.2803269696155215,0.0416437322294046,0.0857855610423935,0.2375264455972066,0.1171812381125911,0.6448203426898406,0.3795952583865496,0.2375264455972066,0.1171812381125911,0.2358036935329437,0.2413260191679,0.3614911437034607,0.2150701731443405,0.0172980660467073,0.0180683226879324,0.1555555555555555,0.1419068736141907,1.0,0.0,0.45,0.15,1.0,0.0,0.85,0.1,1.0,0.0,0.4,0.2,0.0,1.0,0.1,0.35,1.0,0.0,0.4,0.15,0.0,1.0,0.45,0.7,0.0,1.0,0.2,0.45
development/dev_track_a,84,0.9556844314607688,0.6197930201510553,True,0.8700023448464459,0.9999998807907248,0.9556844314607688,0.6197930201510553,0.5769292431234896,0.4270073228653605,0.6757880835785767,1.0,0.5769292431234896,0.4270073228653605,0.3685299568749011,0.584359159834033,0.9999998807907248,0.9999998509884054,0.3685299568749011,0.584359159834033,0.1398970330889834,0.1366714588176285,0.388889278208986,0.3660737637664758,0.1398970330889834,0.1366714588176285,0.0603898066923704,0.0757597828274487,0.2137794494922073,0.2250554661400115,0.0603898066923704,0.0757597828274487,0.1349990188935905,0.1460124575381693,0.3937672216521999,0.4480306242343205,0.1349990188935905,0.1460124575381693,0.4271720647811889,0.34463632106781,0.3896629810333252,0.347922533750534,0.0094432962274918,0.0168180946209139,0.1538461538461538,0.1528239202657807,1.0,0.0,0.7,0.55,1.0,0.0,0.8,0.2,1.0,0.0,0.7,0.4,0.0,1.0,0.2,0.5,1.0,0.0,0.75,0.4,1.0,0.0,0.7,0.4,1.0,0.0,0.75,0.25
development/dev_track_a,85,0.8576306801818143,0.5537428788893116,False,0.999999821186087,0.8424816915414701,0.8576306801818143,0.5537428788893116,0.5608884195104884,0.3503925703587057,0.9999999701976824,0.6240431294415527,0.5608884195104884,0.3503925703587057,1.230654354839922,0.61065433714617,0.9999999403953606,0.9999999105930396,1.230654354839922,0.61065433714617,0.2378734818334693,0.1509414341067262,0.491507780706539,0.454583769770571,0.2378734818334693,0.1509414341067262,0.1109434988837579,0.0777731826246662,0.3001859046089982,0.2665528454901344,0.1109434988837579,0.0777731826246662,0.3587183634496678,0.4035660131325819,0.7577087073933192,0.5722748115992078,0.3587183634496678,0.4035660131325819,0.2975069582462311,0.4258626997470855,0.3846107125282287,0.394710510969162,0.0208980989361252,0.0235106760133608,0.1639344262295081,0.160919540229885,0.0,1.0,0.2,0.7,1.0,0.0,0.8,0.2,0.0,1.0,0.1,0.6,0.0,1.0,0.2,0.5,0.0,1.0,0.3,0.65,0.0,1.0,0.38,0.72,0.0,1.0,0.35,0.65
development/dev_track_a,86,0.8291155589010958,0.7141229667894646,False,0.8602016734836491,0.9999998807907248,0.8291155589010958,0.7141229667894646,0.2169366744937776,0.5344121627999069,0.6308571948323822,0.9999999701976772,0.2169366744937776,0.5344121627999069,0.176160885170857,0.1840137851905355,0.9999999403953606,0.9999999403953606,0.176160885170857,0.1840137851905355,0.0971923128147193,0.1188093237360953,0.2351492343500993,0.3999812834356671,0.0971923128147193,0.1188093237360953,0.0635611008357866,0.0611298297623879,0.1805507010641023,0.1705553763132555,0.0635611008357866,0.0611298297623879,0.2301017023031486,0.2321624815476986,0.372259378110666,0.5422777634475171,0.2301017023031486,0.2321624815476986,0.3847118616104126,0.4649016857147217,0.3887349665164947,0.2565959393978119,0.0307444058384511,0.0306357990077653,0.1834061135371179,0.1698841698841698,1.0,0.0,0.7,0.4,1.0,0.0,0.85,0.1,1.0,0.0,0.7,0.4,0.0,1.0,0.3,0.65,1.0,0.0,0.6,0.4,0.0,1.0,0.45,0.78,0.0,1.0,0.35,0.7
development/dev_track_a,87,0.737158279318123,0.8030379184099665,False,0.9602371501639902,0.8626039191956616,0.737158279318123,0.8030379184099665,0.6561062878723448,0.4649468894968941,0.8914601867520762,0.6726051563675589,0.6561062878723448,0.4649468894968941,0.4601881961817962,0.4524500473684643,0.9999998807907248,0.9999998807907248,0.4601881961817962,0.4524500473684643,0.1470742609024092,0.0888614214981968,0.5171209618362907,0.300379118816053,0.1470742609024092,0.0888614214981968,0.0648031286569045,0.0382864806247031,0.2890898235943688,0.1353432892670423,0.0648031286569045,0.0382864806247031,0.0891466219217122,0.1728716016420094,0.1864920007981337,0.3528133256923041,0.0891466219217122,0.1728716016420094,0.1951100528240203,0.4402402937412262,0.2958999276161194,0.3019803464412689,0.0128669607827066,0.0168629208845538,0.1383647798742138,0.1726618705035971,0.0,1.0,0.1,0.6,1.0,0.0,0.8,0.2,1.0,0.0,0.4,0.2,0.0,1.0,0.15,0.4,0.0,1.0,0.2,0.65,0.0,1.0,0.2,0.7,0.0,1.0,0.2,0.45
development/dev_track_a,88,0.7406005429070764,0.9061260109294864,True,0.8256238310785495,0.7739855916517268,0.7406005429070764,0.9061260109294864,0.5162886518168549,0.4792958473618393,0.7729573886159936,0.435819411900725,0.5162886518168549,0.4792958473618393,0.5515529344180196,0.8590479909494567,0.999999821186087,0.9999998807907248,0.5515529344180196,0.8590479909494567,0.0900726862719227,0.1520157618926271,0.2792575561896449,0.3112290038849126,0.0900726862719227,0.1520157618926271,0.0373750179055869,0.051179141031448,0.115092477161379,0.1553984548993541,0.0373750179055869,0.051179141031448,0.0676189522049825,0.1478965374065056,0.086243698320964,0.4287147246866961,0.0676189522049825,0.1478965374065056,0.4791163504123688,0.2559998035430908,0.358840674161911,0.2136650681495666,0.0149528439469579,0.0170683406278605,0.1471389645776566,0.1538461538461538,1.0,0.0,0.4,0.1,1.0,0.0,0.8,0.2,1.0,0.0,0.4,0.1,1.0,0.0,0.55,0.2,1.0,0.0,0.45,0.15,1.0,0.0,0.8,0.3,1.0,0.0,0.6,0.15
development/dev_track_a,89,0.7437339198622179,0.9028231942127872,False,0.9999998807907248,0.9999999403953606,0.7437339198622179,0.9028231942127872,0.5569887626059741,0.6527287063052007,1.0000000298023235,1.0,0.5569887626059741,0.6527287063052007,0.8183450728880752,0.8971789424931368,1.000000059604643,0.9999999403953606,0.8183450728880752,0.8971789424931368,0.1626481598233343,0.116888195025192,0.4556989203903301,0.3143878036993903,0.1626481598233343,0.116888195025192,0.0756595974074493,0.0582689357986762,0.2333955257084873,0.1680460192614941,0.0756595974074493,0.0582689357986762,0.1144680266564037,0.0782400015651645,0.2732820182110791,0.3926116657268933,0.1144680266564037,0.0782400015651645,0.428278237581253,0.3168622851371765,0.3425068855285644,0.2942786812782287,0.0294422367771422,0.0236782121086837,0.2039660056657224,0.1969230769230769,1.0,0.0,0.7,0.4,1.0,0.0,0.8,0.2,1.0,0.0,0.4,0.3,1.0,0.0,0.7,0.3,1.0,0.0,0.65,0.4,0.0,1.0,0.45,0.78,0.0,1.0,0.45,0.75
development/dev_track_a,90,0.4999349207388497,0.58934530987335,True,0.7381849601048278,0.8998686790622855,0.4999349207388497,0.58934530987335,0.2952954088056791,0.3284159477515636,0.5708581890888664,0.6765676333565979,0.2952954088056791,0.3284159477515636,0.9296676908171164,0.8808206764445693,1.0,0.9999999403953606,0.9296676908171164,0.8808206764445693,0.0761804196738146,0.0800067271116354,0.2930315742572117,0.2340871460001455,0.0761804196738146,0.0800067271116354,0.0097352466494737,0.048615939482796,0.0893518859073082,0.1588215620520531,0.0097352466494737,0.048615939482796,0.2625122313779958,0.1368187078308132,0.6797156156344514,0.4328637750043301,0.2625122313779958,0.1368187078308132,0.1817693561315536,0.3918735980987549,0.3300109803676605,0.2783337235450744,0.0371340968151684,0.0241355300876214,0.2212765957446808,0.2049180327868852,1.0,0.0,0.55,0.1,1.0,0.0,0.75,0.3,1.0,0.0,0.4,0.2,0.0,1.0,0.2,0.45,1.0,0.0,0.2,0.1,1.0,0.0,0.35,0.15,1.0,0.0,0.55,0.2
development/dev_track_a,91,0.8353517151542257,0.6749002986094775,False,0.96448564952783,0.827915619139934,0.8353517151542257,0.6749002986094775,0.672754592222757,0.2385627507456668,0.8353561955265766,0.5861880501824513,0.672754592222757,0.2385627507456668,0.7344400793665737,0.8480279561478061,0.9999998807907248,0.9999999403953606,0.7344400793665737,0.8480279561478061,0.188337300595038,0.1337710163378664,0.5489623079123441,0.3885663068263902,0.188337300595038,0.1337710163378664,0.1088035996874624,0.078855871242536,0.3265569691354968,0.2063510601692286,0.1088035996874624,0.078855871242536,0.0569704059566546,0.190074104425849,0.2254350037885406,0.3634277613290103,0.0569704059566546,0.190074104425849,0.2971796095371246,0.3002606630325317,0.3180341720581054,0.3413757681846618,0.0225925097807289,0.0240402702174193,0.1649484536082474,0.1758957654723127,0.0,1.0,0.1,0.8,1.0,0.0,0.8,0.2,0.0,1.0,0.1,0.6,0.0,1.0,0.1,0.4,0.0,1.0,0.3,0.7,0.0,1.0,0.3,0.65,1.0,0.0,0.6,0.35
development/dev_track_a,92,0.8019818528373484,0.8529493223917917,False,0.897840810079478,1.0,0.8019818528373484,0.8529493223917917,0.4655505937836842,0.4867501101680249,0.6416694139439229,1.0000000298023235,0.4655505937836842,0.4867501101680249,0.5062481493372817,0.7247697350266266,0.999999821186087,0.999999940395366,0.5062481493372817,0.7247697350266266,0.1709464732649172,0.1360111916956503,0.4638077137416334,0.3777951595611344,0.1709464732649172,0.1360111916956503,0.0819793282080597,0.0723354189660047,0.2615573390446324,0.1903179672893185,0.0819793282080597,0.0723354189660047,0.0793995111935782,0.1727546131096592,0.3348620542924219,0.4543627644428994,0.0793995111935782,0.1727546131096592,0.2025152146816253,0.1114156320691108,0.3654584288597107,0.3603346943855285,0.0208281152816673,0.0243111477631601,0.181159420289855,0.1756756756756756,1.0,0.0,0.4,0.3,1.0,0.0,0.8,0.2,1.0,0.0,0.4,0.2,0.0,1.0,0.1,0.4,0.0,1.0,0.2,0.65,0.0,1.0,0.4,0.7,0.0,1.0,0.2,0.65
development/dev_track_a,93,0.903643933543701,1.0534099944660156,False,0.843696970498923,0.9999997615814492,0.903643933543701,1.0534099944660156,0.5779078441917423,0.3276331301747499,0.5177175823274852,0.999999821186087,0.5779078441917423,0.3276331301747499,0.968141096934269,0.7265280977485723,0.9999998807907248,0.9999998509884054,0.968141096934269,0.7265280977485723,0.1262864190310745,0.1294097911206222,0.3492319767169927,0.3791260495815255,0.1262864190310745,0.1294097911206222,0.0605118903197306,0.0731615574767685,0.2028817136749351,0.2218550061584056,0.0605118903197306,0.0731615574767685,0.1384997376584297,0.0221343574484702,0.3948273166897946,0.2205114074686671,0.1384997376584297,0.0221343574484702,0.3585785925388336,0.3786355257034302,0.3181543350219726,0.2543113231658935,0.0198397077205688,0.0322053115037967,0.1458333333333333,0.1526315789473684,1.0,0.0,0.65,0.5,1.0,0.0,0.8,0.2,0.0,1.0,0.15,0.4,0.0,1.0,0.1,0.45,0.0,1.0,0.3,0.65,0.0,1.0,0.38,0.71,0.0,1.0,0.35,0.8
development/dev_track_a,94,0.6575613312468115,0.8744751141609794,False,0.8053502076446762,0.8513686834134241,0.6575613312468115,0.8744751141609794,0.384931075495516,0.5137102430601784,0.6129313159348408,0.6029207583760311,0.384931075495516,0.5137102430601784,0.9403506679296398,1.1226812550976044,0.9999998509884054,0.999999821186087,0.9403506679296398,1.1226812550976044,0.1567772199893694,0.0952118942644227,0.4484006917855354,0.3099801892750194,0.1567772199893694,0.0952118942644227,0.0826083482412233,0.0485715863939448,0.2052197619496678,0.125965507241116,0.0826083482412233,0.0485715863939448,0.2549745185179607,0.1262038446495691,0.7387788542812944,0.436771986046315,0.2549745185179607,0.1262038446495691,0.1779239326715469,0.4990140795707702,0.3096241950988769,0.2826188206672668,0.0256404447509691,0.0241312508456888,0.1606425702811245,0.172106824925816,0.0,1.0,0.1,0.8,0.0,1.0,0.1,0.9,0.0,1.0,0.1,0.4,0.0,1.0,0.2,0.7,0.0,1.0,0.15,0.3,0.0,1.0,0.3,0.7,0.0,1.0,0.1,0.8
development/dev_track_a,95,0.6268346927546873,0.6862145288353687,True,0.9999998807907248,0.999999821186087,0.6268346927546873,0.6862145288353687,0.4116870931313895,0.401450589780685,0.9999998509884054,0.999999821186087,0.4116870931313895,0.401450589780685,0.6458789551898707,0.5925153870690454,0.9999999701976772,0.9999999403953606,0.6458789551898707,0.5925153870690454,0.1260275818499469,0.1272236542767192,0.3955007832213543,0.3386268289336131,0.1260275818499469,0.1272236542767192,0.0913577745280061,0.0811013956796407,0.2968151453345429,0.2684899055989063,0.0913577745280061,0.0811013956796407,0.2057415772779032,0.154462036792769,0.4699450440408158,0.5149266193870187,0.2057415772779032,0.154462036792769,0.5404824018478394,0.3604179918766022,0.3913930654525757,0.3037843704223633,0.0229938924778399,0.016424006217785,0.1544117647058823,0.1373134328358209,1.0,0.0,0.7,0.4,1.0,0.0,0.8,0.2,1.0,0.0,0.7,0.4,1.0,0.0,0.5,0.3,1.0,0.0,0.55,0.3,1.0,0.0,0.78,0.34,1.0,0.0,0.65,0.2
development/dev_track_a,96,0.9256164053723605,0.3595321322278935,False,0.8680352051237119,0.8680352051237119,0.9256164053723605,0.3595321322278935,0.6015609876548097,0.1665554521851991,0.7607398687690655,0.7607398914408813,0.6015609876548097,0.1665554521851991,0.5158941041181624,0.450368891993012,0.999999821186087,0.9999998807907192,0.5158941041181624,0.450368891993012,0.1676314443740687,0.0753706188156888,0.4744780356864968,0.1618561173237073,0.1676314443740687,0.0753706188156888,0.1042831315458367,0.0382633731934343,0.2695412173593458,0.049056327473626,0.1042831315458367,0.0382633731934343,0.0147109246552765,0.0548657403098296,0.2026848536365044,0.3330319597454872,0.0147109246552765,0.0548657403098296,0.2501055002212524,0.5212578773498535,0.3599058985710144,0.3244757652282715,0.0308891821266299,0.0414600053601339,0.1794871794871795,0.1878453038674033,0.0,1.0,0.2,0.6,1.0,0.0,0.8,0.2,0.0,1.0,0.1,0.4,0.0,1.0,0.1,0.45,0.0,1.0,0.3,0.7,1.0,0.0,0.55,0.35,0.0,1.0,0.3,0.7
development/dev_track_a,97,0.845000264207855,0.9855116342941356,True,1.0,0.9999998807907248,0.845000264207855,0.9855116342941356,0.5996903213444458,0.6854222593675846,0.9999999403953552,0.9999997317791336,0.5996903213444458,0.6854222593675846,0.7269065225633199,0.8573484368379068,0.9999999105930396,1.0,0.7269065225633199,0.8573484368379068,0.1644328867421947,0.1308694040909942,0.4284855295873573,0.4057834312060509,0.1644328867421947,0.1308694040909942,0.0725400661982669,0.0726461363657664,0.2075417164013757,0.2304301346721611,0.0725400661982669,0.0726461363657664,0.2224571076008466,0.1841853964922142,0.3766112191908454,0.3450003541457042,0.2224571076008466,0.1841853964922142,0.4158006906509399,0.311465322971344,0.282937228679657,0.3394727706909179,0.0323515130157434,0.0111758767821009,0.1568627450980391,0.158590308370044,1.0,0.0,0.7,0.2,1.0,0.0,0.8,0.2,1.0,0.0,0.7,0.2,0.0,1.0,0.2,0.5,1.0,0.0,0.7,0.3,1.0,0.0,0.7,0.3,0.0,1.0,0.3,0.7
development/dev_track_a,98,0.7148115080928595,0.7654220320651167,False,0.799857282655563,0.999999821186087,0.7148115080928595,0.7654220320651167,0.3812527660098094,0.2549185027771997,0.5602623748466522,0.999999821186087,0.3812527660098094,0.2549185027771997,0.3226148477631722,0.5888130039808553,0.9999999403953606,0.9999998807907248,0.3226148477631722,0.5888130039808553,0.1185431053219946,0.1261036663891354,0.2874782064678227,0.3329864160205791,0.1185431053219946,0.1261036663891354,0.0436003840128394,0.0497360364269362,0.1592565861195486,0.1364613904371331,0.0436003840128394,0.0497360364269362,0.0941321839367242,0.3156407901808801,0.1879686461286409,0.5401907726617985,0.0941321839367242,0.3156407901808801,0.4025871157646179,0.1071467921137809,0.2506179213523865,0.3347331881523132,0.0271970216514888,0.0164776691054476,0.1693121693121693,0.1463414634146341,1.0,0.0,0.4,0.1,1.0,0.0,0.8,0.15,1.0,0.0,0.4,0.1,1.0,0.0,0.65,0.3,1.0,0.0,0.55,0.25,1.0,0.0,0.55,0.35,1.0,0.0,0.7,0.4
development/dev_track_a,99,0.9351027659616344,0.7872325596862375,True,0.8201996302366698,0.9031864520089088,0.9351027659616344,0.7872325596862375,0.5668784099465757,0.5443051021272889,0.6216379073801744,0.6494135678513565,0.5668784099465757,0.5443051021272889,1.1642178095574187,0.8220532674405081,0.9999999403953606,0.999999821186087,1.1642178095574187,0.8220532674405081,0.1538519415377228,0.1040499672850405,0.4869266044718212,0.3562674042489779,0.1538519415377228,0.1040499672850405,0.0792719824314004,0.0437207035410249,0.2414371968572857,0.1556268199235281,0.0792719824314004,0.0437207035410249,0.255801902674507,0.1239180239431598,0.6179986939386253,0.3579596126282036,0.255801902674507,0.1239180239431598,0.336095929145813,0.2418973892927169,0.3897165060043335,0.2813631892204284,0.0280409992363311,0.0290121286607506,0.1509433962264151,0.1647058823529412,1.0,0.0,0.7,0.3,1.0,0.0,0.8,0.55,1.0,0.0,0.7,0.4,1.0,0.0,0.7,0.3,1.0,0.0,0.65,0.3,1.0,0.0,0.7,0.3,1.0,0.0,0.6,0.4
development/dev_track_a,100,0.631849229849499,0.7363178680877617,True,0.917466292683328,0.9106714831982275,0.631849229849499,0.7363178680877617,0.4576476507709822,0.4864009335762557,0.733046124421634,0.668598651713256,0.4576476507709822,0.4864009335762557,0.4611963910442992,0.4426480200623386,1.0000000298023184,0.9999999403953606,0.4611963910442992,0.4426480200623386,0.0693816939162887,0.3366047655032179,0.2543890193623184,0.5844610713033898,0.0693816939162887,0.3366047655032179,0.0653253996290963,0.1553322576499389,0.1356891550814284,0.3160084973698631,0.0653253996290963,0.1553322576499389,0.1330400702201102,0.1731657037513631,0.2138074440470221,0.1248901336572744,0.1330400702201102,0.1731657037513631,0.2456026673316955,0.1145639717578888,0.3274164199829101,0.3991056978702545,0.0268605121709799,0.008532151062131,0.1812080536912751,0.14,1.0,0.0,0.45,0.1,1.0,0.0,0.7,0.3,1.0,0.0,0.4,0.1,0.0,1.0,0.2,0.5,1.0,0.0,0.2,0.05,1.0,0.0,0.7,0.3,0.0,1.0,0.3,0.7
development/dev_track_a,101,0.2123377836983526,0.3970790281703568,True,0.8125614747331769,0.8746746331841191,0.2123377836983526,0.3970790281703568,0.0114839778366009,0.009353445075378,0.4884876026525971,0.659327030838102,0.0114839778366009,0.009353445075378,0.5656121805684853,0.5458823474212395,0.9999998509884054,0.9999998807907248,0.5656121805684853,0.5458823474212395,0.0485480415611657,0.1256541692009854,0.1904625783749458,0.3603067857266157,0.0485480415611657,0.1256541692009854,0.0198671894231166,0.0682127772722104,0.0620439342093199,0.2243507013051517,0.0198671894231166,0.0682127772722104,0.0837967249755571,0.0733410596870066,0.1720188878106267,0.4732674255757972,0.0837967249755571,0.0733410596870066,0.4134975671768188,0.2617037296295166,0.4073091149330139,0.3811203837394714,0.0214205897289465,0.0271102735590325,0.1578947368421052,0.167487684729064,1.0,0.0,0.7,0.1,1.0,0.0,0.8,0.2,1.0,0.0,0.4,0.1,0.0,1.0,0.1,0.6,1.0,0.0,0.65,0.15,1.0,0.0,0.7,0.35,1.0,0.0,0.65,0.3
development/dev_track_a,102,0.7942402218526102,0.8306119792264887,False,0.8574983051421279,0.9999999403953606,0.7942402218526102,0.8306119792264887,0.5905065852140805,0.6630078620644042,0.685122348651606,1.0,0.5905065852140805,0.6630078620644042,0.2972477313589994,0.4051864487130134,0.9999999105930396,0.9999999403953606,0.2972477313589994,0.4051864487130134,0.164455472605246,0.2653299290608066,0.5497237344582876,0.6215451706984992,0.164455472605246,0.2653299290608066,0.0813677879965118,0.1426295864267991,0.2750585574027148,0.3718236809207622,0.0813677879965118,0.1426295864267991,0.1284492525704429,-0.0011675561530997,0.3784800103769863,0.2476807205166563,0.1284492525704429,-0.0011675561530997,0.5898968577384949,0.5487175583839417,0.3098543584346771,0.3577383160591125,0.0432729153127124,0.0384909031994029,0.1853658536585365,0.2,1.0,0.0,0.7,0.4,1.0,0.0,0.8,0.2,1.0,0.0,0.7,0.4,0.0,1.0,0.4,0.65,1.0,0.0,0.7,0.4,0.0,1.0,0.45,0.78,1.0,0.0,0.75,0.4
development/dev_track_a,103,0.4143795154012383,0.5359232051046806,False,0.8736339958150392,0.805845641392989,0.4143795154012383,0.5359232051046806,0.3888718215939035,0.4456885335557562,0.6966443215840542,0.5835452154089341,0.3888718215939035,0.4456885335557562,0.708506741475965,0.8098834511799603,0.9999999701976772,0.9999999403953606,0.708506741475965,0.8098834511799603,0.1227692228696007,0.0730912831356039,0.2668411352228943,0.3085348962782813,0.1227692228696007,0.0730912831356039,0.0586341827237256,0.0558769843954803,0.0711709327003902,0.1343129148216665,0.0586341827237256,0.0558769843954803,0.4633354513791204,0.2253835551923303,0.5585289288445943,0.2465289413016167,0.4633354513791204,0.2253835551923303,0.5008840560913086,0.3001424670219421,0.2520581185817718,0.2884043455123901,0.0294096469343776,0.0229700224048613,0.1596958174904943,0.1303258145363408,1.0,0.0,0.45,0.15,0.0,1.0,0.3,0.7,1.0,0.0,0.4,0.2,0.0,1.0,0.2,0.6,1.0,0.0,0.2,0.1,1.0,0.0,0.55,0.3,0.0,1.0,0.25,0.7
development/dev_track_a,104,0.7745344330771221,0.4174977151787075,True,0.793594802189493,0.874763734652775,0.7745344330771221,0.4174977151787075,0.4559350020337446,0.2271559212441942,0.5823023643639113,0.5947127229317757,0.4559350020337446,0.2271559212441942,0.675162358611805,0.7622738921727926,0.9999999403953606,0.9999999403953606,0.675162358611805,0.7622738921727926,0.1573073880502535,0.0830474858599578,0.3231532609011061,0.1886085782651058,0.1573073880502535,0.0830474858599578,0.0445436300046382,0.0447137697223852,0.1377824621619783,0.0836044725846873,0.0445436300046382,0.0447137697223852,0.0901651394627836,0.1603813275604557,0.283755498548743,0.4220571503282691,0.0901651394627836,0.1603813275604557,0.2191066443920135,0.1706285327672958,0.3677366971969604,0.2636739015579223,0.0368003549650853,0.0241788365903301,0.1808510638297872,0.2006920415224913,1.0,0.0,0.4,0.2,1.0,0.0,0.8,0.15,1.0,0.0,0.4,0.2,1.0,0.0,0.3,0.1,1.0,0.0,0.45,0.2,1.0,0.0,0.7,0.4,0.0,1.0,0.15,0.35
development/dev_track_a,105,0.7422317090139071,0.9581630805620396,False,0.999999821186087,0.8770613816903374,0.7422317090139071,0.9581630805620396,0.4505467003089002,0.5688851942814637,0.9999998509884054,0.6834996123910412,0.4505467003089002,0.5688851942814637,0.6605854096755323,1.0885267063931277,1.0,1.0,0.6605854096755323,1.0885267063931277,0.1003320355794112,0.1237963643224913,0.2590561458566764,0.3361519458393256,0.1003320355794112,0.1237963643224913,0.0392563876051843,0.0499774412179411,0.117809979669101,0.1732686979176773,0.0392563876051843,0.0499774412179411,0.2935724971958083,0.3059864692062491,0.483192218692721,0.5423865934026477,0.2935724971958083,0.3059864692062491,0.2226050496101379,0.3691081404685974,0.2687298059463501,0.2837026715278625,0.0207876264307814,0.0208014875142135,0.1702127659574468,0.1478060046189376,1.0,0.0,0.55,0.4,0.0,1.0,0.2,0.8,1.0,0.0,0.4,0.3,0.0,1.0,0.2,0.6,0.0,1.0,0.3,0.75,0.0,1.0,0.35,0.7,0.0,1.0,0.3,0.8
development/dev_track_a,106,0.6424461796936181,0.7945185192193291,False,0.8795081520666895,0.848576444557137,0.6424461796936181,0.7945185192193291,0.1365017932375982,0.107211610987058,0.662168304661711,0.7216451069751114,0.1365017932375982,0.107211610987058,0.8513365722755889,0.6298620178945847,0.9999999105930396,0.9999999105930396,0.8513365722755889,0.6298620178945847,0.1145685041329859,0.1278412673577527,0.3676758513773269,0.4718763368156848,0.1145685041329859,0.1278412673577527,0.0339003837601518,0.067242538674386,0.1470271711750992,0.221942182271192,0.0339003837601518,0.067242538674386,0.1618806240306054,0.1374396025738125,0.4417948928548849,0.3855432361545491,0.1618806240306054,0.1374396025738125,0.2375284731388092,0.3404645919799804,0.2404871582984924,0.2297849655151367,0.0236733742053262,0.0331988652521342,0.1491841491841491,0.1525423728813559,0.0,1.0,0.0,0.1,1.0,0.0,0.8,0.2,0.0,1.0,0.1,0.4,0.0,1.0,0.1,0.4,1.0,0.0,0.45,0.2,0.0,1.0,0.3,0.75,0.0,1.0,0.3,0.75
development/dev_track_a,107,0.455873447242244,0.7458358079037991,True,0.7951095348465997,0.8131925090321888,0.455873447242244,0.7458358079037991,0.26438212596703,0.4202288747627106,0.6572211197351074,0.7281642284197535,0.26438212596703,0.4202288747627106,0.7093200647182031,0.5352422825910199,0.9999999403953552,0.9999999701976772,0.7093200647182031,0.5352422825910199,0.164736217446749,0.0721602414435714,0.3525460053268855,0.2221558218097224,0.164736217446749,0.0721602414435714,0.088542292110179,0.0407846564712877,0.1786142536493018,0.109223803816335,0.088542292110179,0.0407846564712877,0.4490244526465872,0.1437924874202285,0.5467377631141035,0.4393941390586027,0.4490244526465872,0.1437924874202285,0.2762961983680725,0.3680538237094879,0.418259859085083,0.3924840092658996,0.0158030938631463,0.0248011322370471,0.1121495327102803,0.1224489795918367,1.0,0.0,0.8,0.4,1.0,0.0,0.7,0.3,1.0,0.0,0.7,0.4,1.0,0.0,0.5,0.2,1.0,0.0,0.55,0.3,0.0,1.0,0.38,0.71,1.0,0.0,0.65,0.25
development/dev_track_a,108,0.3393848923539146,1.0904625256369456,False,0.6051072352996784,0.8133034928675302,0.3393848923539146,1.0904625256369456,0.1400626953498531,0.730294863824618,0.3898100686299719,0.5749305740040239,0.1400626953498531,0.730294863824618,0.773995152171741,1.0274537105650712,1.0000000298023235,1.0,0.773995152171741,1.0274537105650712,0.0765294086665976,0.2117204244181119,0.2085454896888904,0.4982951529124126,0.0765294086665976,0.2117204244181119,0.0193336651693008,0.0976078698084914,0.0723280515474222,0.2484186401454723,0.0193336651693008,0.0976078698084914,0.3385218988184797,0.1786747662263156,0.3168363731728098,0.4894719579555455,0.3385218988184797,0.1786747662263156,0.288312703371048,0.5015037059783936,0.3587693572044372,0.1560861319303512,0.0189132833433857,0.0206173935681745,0.1608391608391608,0.1777777777777777,1.0,0.0,0.8,0.2,0.0,1.0,0.3,0.8,0.0,1.0,0.1,0.4,0.0,1.0,0.1,0.5,0.0,1.0,0.3,0.75,0.0,1.0,0.3,0.7,0.0,1.0,0.15,0.55
development/dev_track_a,109,0.7432889862471624,0.5486463635026277,False,0.8596791196251965,0.868104771601585,0.7432889862471624,0.5486463635026277,0.1446097615242942,0.2974677855938982,0.8029558654195231,0.6848811490940011,0.1446097615242942,0.2974677855938982,1.1954613285650235,0.866451806232706,0.9999998807907248,0.9999998509884054,1.1954613285650235,0.866451806232706,0.0350547686371614,0.081937679568414,0.1352137775205363,0.2192235029989997,0.0350547686371614,0.081937679568414,0.0293341204923288,0.0492619562622404,0.0557370664406416,0.100318505966627,0.0293341204923288,0.0492619562622404,0.1594446920007413,0.1493274065884352,0.3750966807010234,0.5484325009379615,0.1594446920007413,0.1493274065884352,0.3048568964004516,0.3574796915054321,0.255908727645874,0.2688577771186828,0.0221193429395002,0.0238849535384265,0.1687344913151364,0.1679389312977099,0.0,1.0,0.05,0.3,0.0,1.0,0.1,0.8,0.0,1.0,0.1,0.4,0.0,1.0,0.1,0.4,0.0,1.0,0.2,0.4,0.0,1.0,0.3,0.7,0.0,1.0,0.3,0.55
development/dev_track_a,110,0.4675106732812314,0.900531937295561,True,0.9999999403953606,0.999999821186087,0.4675106732812314,0.900531937295561,0.2079432679319526,0.5593827934986138,1.0000000298023235,0.9999999701976772,0.2079432679319526,0.5593827934986138,1.1183976324496523,0.9077066739193363,1.000000059604643,1.0,1.1183976324496523,0.9077066739193363,0.133959251292258,0.1235415091511116,0.3071823759263467,0.2388579612183471,0.133959251292258,0.1235415091511116,0.0475513522163305,0.055146612769879,0.1390487011562506,0.1287213915081167,0.0475513522163305,0.055146612769879,0.200606160112906,0.3714122912003076,0.3779464242073186,0.3784120333548043,0.200606160112906,0.3714122912003076,0.3975675702095032,0.4358581602573395,0.2977196276187897,0.390199214220047,0.0218429413610529,0.0117250802375967,0.146788990825688,0.1237113402061855,1.0,0.0,0.8,0.6,1.0,0.0,0.8,0.2,1.0,0.0,0.7,0.5,1.0,0.0,0.65,0.3,1.0,0.0,0.7,0.3,1.0,0.0,0.7,0.4,0.0,1.0,0.45,0.78
development/dev_track_a,111,0.7373934237015334,0.7301142253241661,False,0.840484816970251,0.7790465022270081,0.7373934237015334,0.7301142253241661,0.5969536084960736,0.4761223770480972,0.6599917417772073,0.5543058715511731,0.5969536084960736,0.4761223770480972,0.6812640358241586,0.5880685276460093,0.9999998807907248,0.9999998807907248,0.6812640358241586,0.5880685276460093,0.1006800381051418,0.1154981502348966,0.3054341373730341,0.2505955981792269,0.1006800381051418,0.1154981502348966,0.062514880566598,0.0342955685079505,0.1908989035874386,0.1228225762348734,0.062514880566598,0.0342955685079505,0.1192645712745802,0.183672379278949,0.3821474562313653,0.5382148897762069,0.1192645712745802,0.183672379278949,0.285087525844574,0.380619078874588,0.3013666272163391,0.3068499565124511,0.0235990574458627,0.0274393101525549,0.1309523809523809,0.1804123711340206,0.0,1.0,0.4,0.7,0.0,1.0,0.2,0.8,1.0,0.0,0.4,0.2,1.0,0.0,0.55,0.3,1.0,0.0,0.6,0.3,1.0,0.0,0.65,0.3,0.0,1.0,0.45,0.7
development/dev_track_a,112,0.7783274742907861,0.7831339659252,False,0.9093077886929763,0.8705102359640317,0.7783274742907861,0.7831339659252,0.6275402128025923,0.5958153550180864,0.7599293649301843,0.6518494707570237,0.6275402128025923,0.5958153550180864,0.6550497566671745,0.7037725005289219,0.9999998807907248,0.9999999403953606,0.6550497566671745,0.7037725005289219,0.1647478562812941,0.1399730240994824,0.4470416405131724,0.4164822438129984,0.1647478562812941,0.1399730240994824,0.0971097124766044,0.0595251641297145,0.2498301522945394,0.2380821991125115,0.0971097124766044,0.0595251641297145,0.1370707860425033,0.1702311879203025,0.367683905534452,0.4787242901410748,0.1370707860425033,0.1702311879203025,0.1582273840904235,0.5245764851570129,0.3271877765655517,0.3635360598564148,0.0224684226666819,0.0367079808237331,0.2049469964664311,0.1935483870967742,0.0,1.0,0.05,0.4,0.0,1.0,0.2,0.8,0.0,1.0,0.1,0.4,0.0,1.0,0.1,0.65,0.0,1.0,0.15,0.3,0.0,1.0,0.3,0.7,0.0,1.0,0.3,0.6
development/dev_track_a,113,0.5215422837406635,0.475649793272265,False,0.7915177469540999,0.8449221941875119,0.5215422837406635,0.475649793272265,0.3018707982104691,0.2825764763544423,0.5269737964593944,0.5564688278296961,0.3018707982104691,0.2825764763544423,0.8494814848973034,0.4595504903081115,0.999999940395366,0.9999998807907248,0.8494814848973034,0.4595504903081115,0.1004057543960582,0.1541454200662384,0.3118421236675327,0.4367154264752458,0.1004057543960582,0.1541454200662384,0.0451808719834773,0.058414561685985,0.1433588969869278,0.232997010245467,0.0451808719834773,0.058414561685985,0.2619585919971892,0.1975029927917325,0.4488478985583661,0.4977499650700928,0.2619585919971892,0.1975029927917325,0.3505576550960541,0.3415389657020569,0.3269453048706054,0.364115297794342,0.0228055928265716,0.0265122111070753,0.1837455830388693,0.1865671641791044,1.0,0.0,0.4,0.1,1.0,0.0,0.8,0.2,0.0,1.0,0.1,0.4,0.0,1.0,0.1,0.3,0.0,1.0,0.1,0.2,0.0,1.0,0.3,0.7,0.0,1.0,0.35,0.6
development/dev_track_a,114,0.5821679336106722,0.6963456647290813,True,0.6542951876765266,0.8522205528950032,0.5821679336106722,0.6963456647290813,0.37562738686303,0.3680397659245092,0.4107202344703564,0.6083043451127811,0.37562738686303,0.3680397659245092,0.607528174219983,0.4615455728944285,1.0,0.9999999403953606,0.607528174219983,0.4615455728944285,0.1040259207462299,0.1519699215220739,0.2031137007295676,0.3185745003838971,0.1040259207462299,0.1519699215220739,0.0410822299751548,0.0518845698321416,0.0810202181709649,0.1434375296877956,0.0410822299751548,0.0518845698321416,0.3448534904672363,0.1970229194970092,0.3769205411384461,0.6783627043562207,0.3448534904672363,0.1970229194970092,0.4013272523880005,0.3202218413352966,0.3578883707523346,0.2665324807167053,0.0299857656380313,0.0316270471179215,0.1923076923076923,0.1680672268907563,1.0,0.0,0.4,0.1,1.0,0.0,0.85,0.2,1.0,0.0,0.4,0.1,0.0,1.0,0.15,0.5,1.0,0.0,0.3,0.15,1.0,0.0,0.6,0.25,0.0,1.0,0.35,0.6
development/dev_track_a,115,0.8976165406493829,0.91455382391719,True,0.9149254065840952,0.945353931742438,0.8976165406493829,0.91455382391719,0.5649610207602375,0.5260129587100386,0.7901356345334285,0.752462297384465,0.5649610207602375,0.5260129587100386,0.58182342166346,1.050914956434839,0.999999821186087,0.9999998807907248,0.58182342166346,1.050914956434839,0.1857304806065097,0.1369434592287964,0.4260678602653909,0.5032419977035774,0.1857304806065097,0.1369434592287964,0.0864324351709595,0.0711660793444048,0.2008693687941484,0.2827373208293993,0.0864324351709595,0.0711660793444048,0.0796882082580541,0.2053048975458221,0.098362679123867,0.5293004433635934,0.0796882082580541,0.2053048975458221,0.3209986388683319,0.3061065077781677,0.2744691967964172,0.3591073155403137,0.0278168832180149,0.0145849830503955,0.1486988847583643,0.1287128712871287,1.0,0.0,0.6,0.4,1.0,0.0,0.85,0.6,1.0,0.0,0.6,0.4,0.0,1.0,0.2,0.45,1.0,0.0,0.6,0.4,1.0,0.0,0.65,0.45,1.0,0.0,0.65,0.35
development/dev_track_a,116,0.7761622949365607,1.0410307661442455,False,0.8302937352307158,0.7745117679529342,0.7761622949365607,1.0410307661442455,0.4964365251756402,0.6852932926610327,0.6118616924450764,0.5152428132006153,0.4964365251756402,0.6852932926610327,0.5101475701611659,0.4473855974932396,0.9999998509884054,0.9999998807907248,0.5101475701611659,0.4473855974932396,0.1121617022555398,0.1945712087058739,0.3648635798720774,0.5383604852453225,0.1121617022555398,0.1945712087058739,0.0521529226330888,0.1095520985992846,0.1837119696136163,0.2984470564000421,0.0521529226330888,0.1095520985992846,0.0373028925790217,0.1687737075143655,0.1090496433028994,0.3668593084900425,0.0373028925790217,0.1687737075143655,0.3184031248092651,0.4897811412811279,0.2616413533687591,0.3036668002605438,0.0302149849056822,0.0169705325438894,0.1473684210526315,0.1417721518987341,0.0,1.0,0.1,0.6,1.0,0.0,0.8,0.3,0.0,1.0,0.1,0.6,0.0,1.0,0.2,0.65,0.0,1.0,0.3,0.7,0.0,1.0,0.3,0.7,0.0,1.0,0.2,0.7
development/dev_track_a,117,0.6814511632660949,0.4332266993937429,True,0.9999998807907192,0.7782146466842518,0.6814511632660949,0.4332266993937429,0.3953884374377137,0.199815927449772,1.0000000298023235,0.508303686728963,0.3953884374377137,0.199815927449772,0.6634992574577832,0.3676583136631585,1.0,0.9999999701976824,0.6634992574577832,0.3676583136631585,0.1272700120844576,0.0921625199321993,0.3514869535765201,0.1986226897411017,0.1272700120844576,0.0921625199321993,0.0742614901248587,0.0566992695420584,0.3589608682658701,0.1600262114861683,0.0742614901248587,0.0566992695420584,0.3606306401378068,0.081701985925548,0.2411007108562992,0.2540217721999288,0.3606306401378068,0.081701985925548,0.4627088606357574,0.5675172805786133,0.3501895070075989,0.372178316116333,0.0566898345147798,0.0292342262609204,0.2135922330097087,0.1784037558685445,1.0,0.0,0.8,0.1,1.0,0.0,0.8,0.2,1.0,0.0,0.7,0.1,1.0,0.0,0.7,0.3,0.0,1.0,0.4,0.7,1.0,0.0,0.8,0.35,1.0,0.0,0.7,0.3
development/dev_track_a,118,0.7657517248517781,0.7318216232898573,False,1.0,0.8480233044610453,0.7657517248517781,0.7318216232898573,0.5758876644945594,0.5025834722759654,0.9999997913837606,0.6149821923689098,0.5758876644945594,0.5025834722759654,0.7627721872661772,0.7098408087079426,0.9999999105930396,0.9999999701976772,0.7627721872661772,0.7098408087079426,0.1504078011090976,0.135860588637355,0.3961404186525854,0.4474321811750682,0.1504078011090976,0.135860588637355,0.0653100582847525,0.0746643647538112,0.2057367499445508,0.2378564451085371,0.0653100582847525,0.0746643647538112,0.0731735776260774,0.1135819476720735,0.2672955288254315,0.443308096102785,0.0731735776260774,0.1135819476720735,0.3401111960411072,0.3924421370029449,0.3834683001041412,0.3305518627166748,0.0380937923484418,0.0193861128174729,0.1785714285714285,0.1777777777777777,0.0,1.0,0.1,0.7,1.0,0.0,0.8,0.2,1.0,0.0,0.4,0.3,1.0,0.0,0.45,0.2,0.0,1.0,0.3,0.65,0.0,1.0,0.3,0.7,0.0,1.0,0.4,0.8
development/dev_track_a,119,0.2979413996585576,1.010061532033787,True,0.9274436365168696,0.8905073004053843,0.2979413996585576,1.010061532033787,0.0808860397531403,0.6129347997322034,0.813946816811526,0.7899680513200584,0.0808860397531403,0.6129347997322034,0.9892808542373516,0.9713408202635202,0.9999998807907192,0.9999998807907192,0.9892808542373516,0.9713408202635202,0.1250921550286831,0.1414111095789791,0.3562460026119749,0.356049869246435,0.1250921550286831,0.1414111095789791,0.0613089876885385,0.0573683104719301,0.1697897878604101,0.1818735108773958,0.0613089876885385,0.0573683104719301,0.2311163388353202,0.1861905084707098,0.6413001270659313,0.3490854467890379,0.2311163388353202,0.1861905084707098,0.4636441767215729,0.3515811562538147,0.2635092139244079,0.3091619908809662,0.0337238641869496,0.0223488213351456,0.1847826086956521,0.1513513513513513,1.0,0.0,0.65,0.2,0.0,1.0,0.3,0.8,1.0,0.0,0.4,0.1,1.0,0.0,0.45,0.15,1.0,0.0,0.45,0.15,1.0,0.0,0.65,0.35,1.0,0.0,0.55,0.2
development/dev_track_a,120,0.8316994780036514,0.9394368721437092,True,0.8272283180219953,0.8556302361929136,0.8316994780036514,0.9394368721437092,0.2729550859506744,0.580774389523297,0.6085625161454062,0.760825185677387,0.2729550859506744,0.580774389523297,1.0427858194195123,0.9886467552981963,0.9999999403953606,0.9999999403953606,1.0427858194195123,0.9886467552981963,0.1179196622304577,0.1693411523449474,0.2820962803561251,0.4188952330307355,0.1179196622304577,0.1693411523449474,0.0498970533700165,0.0811901639851264,0.1503134596610794,0.2343758052276708,0.0498970533700165,0.0811901639851264,0.257027467557815,0.4989075769638778,0.5036730220631981,0.7731500486748103,0.257027467557815,0.4989075769638778,0.2241720557212829,0.3124165832996368,0.3215822279453277,0.4132897853851318,0.0207549274032582,0.0243280401720218,0.1710526315789473,0.1642512077294686,1.0,0.0,0.4,0.1,1.0,0.0,0.8,0.2,1.0,0.0,0.15,0.1,0.0,1.0,0.1,0.3,1.0,0.0,0.2,0.1,0.0,1.0,0.3,0.6,0.0,1.0,0.3,0.7
development/dev_track_a,121,0.4267015760432321,0.6305304017953466,False,0.7454167311886869,0.8394068670979896,0.4267015760432321,0.6305304017953466,0.3507281956110197,0.4541426973163491,0.4976822586939693,0.5623729154619079,0.3507281956110197,0.4541426973163491,0.5718509707568784,0.5379069286237372,0.9999999403953606,0.9999999105930396,0.5718509707568784,0.5379069286237372,0.1810008012636167,0.1121877359325949,0.456841283511193,0.32644208163525,0.1810008012636167,0.1121877359325949,0.063384945279484,0.0669509919276801,0.1785207408245955,0.1908719956443419,0.063384945279484,0.0669509919276801,0.1506838175935958,0.1064168110477311,0.2503768652229648,0.3552772323341777,0.1506838175935958,0.1064168110477311,0.301429808139801,0.1262984871864318,0.3414354622364044,0.3331446647644043,0.0212048967020062,0.0417330788875711,0.1215469613259668,0.1700404858299595,0.0,1.0,0.0,0.1,0.0,1.0,0.0,0.8,0.0,1.0,0.1,0.4,0.0,1.0,0.1,0.3,0.0,1.0,0.1,0.25,0.0,1.0,0.25,0.7,0.0,1.0,0.3,0.55
development/dev_track_a,122,0.9425701769411456,0.4903514674703491,True,0.8025542019275321,0.8872888155407436,0.9425701769411456,0.4903514674703491,0.6010982953883199,0.2569169828649377,0.7325837334890684,0.8133263214437578,0.6010982953883199,0.2569169828649377,0.8435030796211992,0.588342500405437,0.9999999105930342,0.9999998807907192,0.8435030796211992,0.588342500405437,0.1270614280181814,0.1106669543387339,0.3663894717125171,0.3130134125495581,0.1270614280181814,0.1106669543387339,0.0532581444921274,0.0850082411866722,0.2077334091174379,0.2356817292532135,0.0532581444921274,0.0850082411866722,0.1630382478106108,0.2355889770164431,0.2160912740709527,0.5868670654176673,0.1630382478106108,0.2355889770164431,0.2774255573749542,0.3588786125183105,0.476654589176178,0.3518854677677154,0.0297131886152217,0.0310953097847009,0.1507537688442211,0.1573033707865168,1.0,0.0,0.7,0.3,1.0,0.0,0.8,0.2,0.0,1.0,0.2,0.6,0.0,1.0,0.1,0.5,1.0,0.0,0.7,0.3,0.0,1.0,0.4,0.85,0.0,1.0,0.35,0.75
development/dev_track_a,123,0.1122844798063876,0.1362607866648368,True,0.7744831115623579,0.7706162606935191,0.1122844798063876,0.1362607866648368,0.0792207086055793,0.0963919049349621,0.5432132431014487,0.4745768934992678,0.0792207086055793,0.0963919049349621,0.31095013104007,0.904839028419194,0.999999821186087,0.9999999403953606,0.31095013104007,0.904839028419194,0.1280385944153032,0.129908614815232,0.3783358064038688,0.1819120441261176,0.1280385944153032,0.129908614815232,0.0550782038850074,0.0330775689736188,0.179284783058056,0.0532300278739317,0.0550782038850074,0.0330775689736188,0.109397126928325,0.4704443536837643,0.3438850723299391,0.2991244156280733,0.109397126928325,0.4704443536837643,0.5083903670310974,0.2488029152154922,0.2923917174339294,0.2876978814601898,0.0224774163918176,0.0202203595586511,0.1947565543071161,0.1933085501858736,1.0,0.0,0.7,0.1,1.0,0.0,0.8,0.2,1.0,0.0,0.4,0.1,0.0,1.0,0.1,0.3,0.0,1.0,0.2,0.45,0.0,1.0,0.3,0.65,0.0,1.0,0.2,0.45
development/dev_track_a,124,0.6688992507848641,0.5406974513444667,True,0.7977448942965395,0.7839128632649346,0.6688992507848641,0.5406974513444667,0.4134980073294446,0.3261899862493579,0.5199168741826875,0.5666972150359699,0.4134980073294446,0.3261899862493579,0.7994651767153224,0.5394866544717289,1.0,1.0,0.7994651767153224,0.5394866544717289,0.0815947598458733,0.1150577646948107,0.3550811466706026,0.3040467320477475,0.0815947598458733,0.1150577646948107,0.0448728422786866,0.0181126332644695,0.2076222953146348,0.1548820751223425,0.0448728422786866,0.0181126332644695,0.2876901879880258,0.1939701272215469,0.3254101404191498,0.2856780325085059,0.2876901879880258,0.1939701272215469,0.355687528848648,0.4238530397415161,0.3308840990066528,0.2834011018276214,0.0274808023701251,0.0348039318453595,0.158273381294964,0.201834862385321,1.0,0.0,0.55,0.4,1.0,0.0,0.7,0.3,1.0,0.0,0.4,0.2,0.0,1.0,0.2,0.5,0.0,1.0,0.25,0.65,1.0,0.0,0.68,0.35,0.0,1.0,0.3,0.65
development/dev_track_a,125,0.5151911866964387,0.2782090293614593,False,0.7374974206093048,0.756455927317628,0.5151911866964387,0.2782090293614593,0.2432330413560345,0.3119252893866893,0.568849870367359,0.4775181128073872,0.2432330413560345,0.3119252893866893,0.6174756757648258,0.3914761239076619,0.9999999403953606,0.9999998807907192,0.6174756757648258,0.3914761239076619,0.1000361374112641,0.1547380465635899,0.2604993227589873,0.3685575850576017,0.1000361374112641,0.1547380465635899,0.0374596033506225,0.059487520419245,0.0984193599894951,0.1827932493546007,0.0374596033506225,0.059487520419245,0.3592623385365252,0.2621098191144848,0.4835974838298281,0.5083061741612005,0.3592623385365252,0.2621098191144848,0.2078751921653747,0.3010057210922241,0.3434403538703918,0.3422845602035522,0.0251326931650195,0.0113836199152601,0.1837455830388692,0.1166666666666666,1.0,0.0,0.7,0.4,0.0,1.0,0.2,0.8,1.0,0.0,0.4,0.2,0.0,1.0,0.15,0.55,1.0,0.0,0.5,0.3,1.0,0.0,0.72,0.45,0.0,1.0,0.3,0.7
development/dev_track_a,126,0.49034334695069,0.5964423193982452,False,0.7499760687379755,0.6519441423482725,0.49034334695069,0.5964423193982452,0.1679339453202925,0.3042298018399533,0.5089089122739778,0.3798612427794219,0.1679339453202925,0.3042298018399533,0.3974885170630396,0.1348062376267674,0.9999999701976772,0.9999999403953606,0.3974885170630396,0.1348062376267674,0.1454139396083924,0.1502326731322029,0.3145270330727135,0.2958830802431559,0.1454139396083924,0.1502326731322029,0.0419866918401531,0.0473597733879193,0.1433441779297796,0.1315786359888945,0.0419866918401531,0.0473597733879193,0.1613205368564173,0.1136323509009423,0.5277176838272432,0.2746481081171416,0.1613205368564173,0.1136323509009423,0.2225611805915832,0.3901061415672302,0.3142372667789459,0.2896798849105835,0.0324063582922547,0.0225018249727974,0.127208480565371,0.1415384615384615,0.0,1.0,0.1,0.8,1.0,0.0,0.7,0.3,0.0,1.0,0.1,0.4,0.0,1.0,0.1,0.7,1.0,0.0,0.7,0.3,0.0,1.0,0.45,0.7,0.0,1.0,0.25,0.65
development/dev_track_a,127,0.8779930853467074,0.7966089411801236,False,0.9051582926323064,0.9689064062945358,0.8779930853467074,0.7966089411801236,0.5664044262818458,0.5600186574102284,0.6540798155021824,0.8771004227280113,0.5664044262818458,0.5600186574102284,0.3005621692500064,0.6535464795414919,0.9999997913837696,0.9999998807907248,0.3005621692500064,0.6535464795414919,0.1270219113933202,0.1562250668274944,0.3484548931802503,0.5474195117691341,0.1270219113933202,0.1562250668274944,0.0776494183991396,0.0763398443269989,0.2168797931890742,0.3016773164120269,0.0776494183991396,0.0763398443269989,0.1061655808780924,0.1239290385139949,0.235908781817106,0.2367002488917636,0.1061655808780924,0.1239290385139949,0.4509228467941284,0.2928216457366943,0.4162490963935852,0.3605325818061828,0.0118663547583791,0.0213180529837642,0.1413043478260869,0.1712328767123287,1.0,0.0,0.55,0.2,1.0,0.0,0.8,0.2,0.0,1.0,0.1,0.4,0.0,1.0,0.1,0.4,0.0,1.0,0.2,0.4,0.0,1.0,0.3,0.7,0.0,1.0,0.2,0.45
development/dev_track_a,128,0.7777950271494481,0.6665138945428163,True,0.9999998807907248,0.8211164687733091,0.7777950271494481,0.6665138945428163,0.5241536345258124,0.4466984652596625,0.9999998807907248,0.6851223282333686,0.5241536345258124,0.4466984652596625,0.3257444314367096,0.4112815765968138,1.0,0.9999999403953606,0.3257444314367096,0.4112815765968138,0.1842252354781073,0.1086803015129172,0.4056672854945908,0.3636219545826443,0.1842252354781073,0.1086803015129172,0.0784732753170822,0.0581311692606589,0.2194892526598317,0.18420985929541,0.0784732753170822,0.0581311692606589,0.1028536132702181,0.0889080545187392,0.4228937476687342,0.1059739991171547,0.1028536132702181,0.0889080545187392,0.3477840423583984,0.336516797542572,0.2810188233852386,0.342520534992218,0.0287038209042265,0.0180656318832224,0.1517615176151761,0.1372549019607843,1.0,0.0,0.4,0.1,0.0,1.0,0.0,0.6,1.0,0.0,0.4,0.1,1.0,0.0,0.45,0.2,1.0,0.0,0.55,0.3,1.0,0.0,0.7,0.35,1.0,0.0,0.75,0.4
development/dev_track_a,129,0.369203653593292,0.7033766229147215,False,0.7412238429517933,0.7635647936386116,0.369203653593292,0.7033766229147215,0.1943230367671234,0.3663016927303879,0.4497403726368565,0.4926206776355889,0.1943230367671234,0.3663016927303879,0.581547470687957,0.8331298043129294,1.0,0.9999999701976772,0.581547470687957,0.8331298043129294,0.0968935745564505,0.0836270163080566,0.2977442757979236,0.2222138566183789,0.0968935745564505,0.0836270163080566,0.0534050963237846,0.0580680100683912,0.1545664605624246,0.1315543764896716,0.0534050963237846,0.0580680100683912,0.128711665398183,0.0910022754710614,0.315277887882966,0.1110119897070271,0.128711665398183,0.0910022754710614,0.319659560918808,0.3926864564418793,0.3379868268966675,0.2623411118984222,0.0202330051912587,0.0236226078564255,0.1489361702127659,0.1596958174904943,1.0,0.0,0.55,0.05,1.0,0.0,0.8,0.15,1.0,0.0,0.4,0.1,1.0,0.0,0.45,0.2,1.0,0.0,0.3,0.1,1.0,0.0,0.45,0.2,1.0,0.0,0.45,0.1
development/dev_track_a,130,0.7138380760810271,0.779593146741202,False,0.999999821186087,0.8587829638978286,0.7138380760810271,0.779593146741202,0.5332145073461231,0.5609028254601,0.9999999105930448,0.6577881982578995,0.5332145073461231,0.5609028254601,0.4259820343942206,0.4521804361586488,0.9999999701976824,0.9999998807907192,0.4259820343942206,0.4521804361586488,0.1878957135155694,0.0969774290769636,0.5047160755021811,0.2984553367531857,0.1878957135155694,0.0969774290769636,0.0827109695444487,0.0482063292574013,0.2847869938891522,0.1405309247348418,0.0827109695444487,0.0482063292574013,0.1452330527664345,0.0482297546648914,0.3528606908449498,0.1434603381311694,0.1452330527664345,0.0482297546648914,0.4122531414031982,0.3133423924446106,0.3528568744659424,0.3754106163978576,0.0290049362712256,0.02057064643622,0.1666666666666666,0.1392405063291139,0.0,1.0,0.4,0.6,1.0,0.0,0.8,0.2,1.0,0.0,0.4,0.2,1.0,0.0,0.45,0.2,1.0,0.0,0.25,0.15,1.0,0.0,0.55,0.3,1.0,0.0,0.2,0.1
development/dev_track_a,131,0.8506334611587377,0.6024417474223721,True,0.8501689612664031,0.8539748961955432,0.8506334611587377,0.6024417474223721,0.559862688740024,0.2017931909299188,0.6064656665227285,0.6083492326216023,0.559862688740024,0.2017931909299188,0.5628534592442956,0.4249277368358837,0.999999940395366,0.9999999403953606,0.5628534592442956,0.4249277368358837,0.094334095039988,0.0844605466749654,0.3035851759317799,0.2553936569404228,0.094334095039988,0.0844605466749654,0.0517747527264932,0.0142531978193249,0.1521305351031324,0.1571432091964453,0.0517747527264932,0.0142531978193249,0.2501508029021284,0.1910244410414133,0.5107349664179168,0.3610757232662399,0.2501508029021284,0.1910244410414133,0.1886064112186432,0.1762593239545822,0.258937656879425,0.3686836957931518,0.0208075838861476,0.0122287087367152,0.1616161616161616,0.1533742331288344,1.0,0.0,0.55,0.2,0.0,1.0,0.2,0.8,1.0,0.0,0.4,0.2,0.0,1.0,0.2,0.45,0.0,1.0,0.4,0.6,1.0,0.0,0.68,0.44,1.0,0.0,0.65,0.35
development/dev_track_a,132,0.5531526213579927,0.7795508843440512,True,0.7868691936887272,0.8525040921563992,0.5531526213579927,0.7795508843440512,0.251472224985421,0.4988593885366263,0.4922901098555296,0.6104401400291819,0.251472224985421,0.4988593885366263,0.4331194531638702,0.2249750717031301,0.9999999105930396,0.9999998509884054,0.4331194531638702,0.2249750717031301,0.0632824127753656,0.1374486659222676,0.2030858530472972,0.3508349856037276,0.0632824127753656,0.1374486659222676,0.022200233673237,0.0745271451993431,0.0642572217744273,0.2171067027448479,0.022200233673237,0.0745271451993431,0.1048619917350789,0.008414673272124,0.3083298612546581,0.336427156831549,0.1048619917350789,0.008414673272124,0.4583317041397095,0.3991556167602539,0.3366774916648865,0.3372648954391479,0.0104931985224594,0.0153099647928752,0.1521739130434782,0.1818181818181818,0.0,1.0,0.4,0.8,1.0,0.0,0.75,0.25,1.0,0.0,0.4,0.3,0.0,1.0,0.1,0.4,0.0,1.0,0.3,0.7,0.0,1.0,0.45,0.7,1.0,0.0,0.7,0.5
development/dev_track_a,133,0.8954064822871728,0.6965543361344579,True,0.9999998807907248,0.839106996165872,0.8954064822871728,0.6965543361344579,0.7048147610614321,0.505458055771341,0.9999998807907248,0.7619909700764723,0.7048147610614321,0.505458055771341,0.9319553584050332,0.8337277873346665,0.9999999701976824,0.9999999403953606,0.9319553584050332,0.8337277873346665,0.1980683810091665,0.1309435895804523,0.5091522120575436,0.3882297582790366,0.1980683810091665,0.1309435895804523,0.1008116325082153,0.0752649323347811,0.2772047191723173,0.1833352512425575,0.1008116325082153,0.0752649323347811,0.233917422691652,0.2053380051776336,0.5077818942520932,0.6607921989155632,0.233917422691652,0.2053380051776336,0.3663506507873535,0.5052475929260254,0.4248822331428528,0.3869035840034485,0.0161581369729702,0.0270858560658731,0.2058823529411764,0.2051282051282051,1.0,0.0,0.55,0.3,0.0,1.0,0.2,0.8,1.0,0.0,0.4,0.2,1.0,0.0,0.45,0.2,0.0,1.0,0.3,0.6,0.0,1.0,0.3,0.65,0.0,1.0,0.2,0.55
development/dev_track_a,134,0.7806847255218525,0.6375923261268214,False,0.8714805994652988,0.791445280141201,0.7806847255218525,0.6375923261268214,0.5533784335766645,0.3280876760737381,0.7157895138389213,0.5645168178503459,0.5533784335766645,0.3280876760737381,0.9131443467385972,0.4488793312924552,0.9999999701976824,0.9999999105930396,0.9131443467385972,0.4488793312924552,0.0992612236757891,0.0767566938808696,0.2430378806492268,0.1864982129267239,0.0992612236757891,0.0767566938808696,0.0542451308753213,0.0582491034224425,0.1649692709884179,0.0729257272662883,0.0542451308753213,0.0582491034224425,0.3830526924459894,0.2458602134615554,0.5838777688027257,0.4999853336722493,0.3830526924459894,0.2458602134615554,0.4116530418395996,0.2485515773296356,0.3065595626831054,0.2244898080825805,0.0236728713635519,0.0174663701379613,0.2178217821782178,0.1611940298507462,0.0,1.0,0.1,0.8,1.0,0.0,0.8,0.2,0.0,1.0,0.1,0.4,0.0,1.0,0.1,0.6,0.0,1.0,0.3,0.7,0.0,1.0,0.35,0.57,0.0,1.0,0.35,0.55
development/dev_track_a,135,0.8021519115816469,0.7636896350481528,True,0.8102530950157004,0.8576791371298366,0.8021519115816469,0.7636896350481528,0.5128151620703513,0.4419090299653001,0.5959729437860317,0.6169055560939841,0.5128151620703513,0.4419090299653001,1.259055440499917,1.2847038631076886,0.999999821186087,0.9999997913837696,1.259055440499917,1.2847038631076886,0.1225052038575453,0.0848825251026998,0.2311977970096513,0.2442613937713532,0.1225052038575453,0.0848825251026998,0.0487596684405915,0.0655638958960544,0.1774925844641282,0.1371818716195724,0.0487596684405915,0.0655638958960544,0.2232677755390403,0.1226224733988231,0.5756792214680928,0.4650072864766628,0.2232677755390403,0.1226224733988231,0.3421036601066589,0.5503422021865845,0.3938111662864685,0.3927171230316162,0.0394685597175741,0.0234497828163584,0.1686746987951807,0.1521739130434782,1.0,0.0,0.7,0.4,1.0,0.0,0.85,0.15,1.0,0.0,0.7,0.4,1.0,0.0,0.5,0.2,1.0,0.0,0.7,0.3,0.0,1.0,0.38,0.72,0.0,1.0,0.35,0.65
development/dev_track_a,136,0.8248244690863245,0.6888783927944435,False,0.9999998807907248,0.8398563456706589,0.8248244690863245,0.6888783927944435,0.5833643334108922,0.4372317047431791,0.9999997615814492,0.6851223690698404,0.5833643334108922,0.4372317047431791,0.3241980641791185,0.3531548012002111,0.9999998807907248,0.9999998807907248,0.3241980641791185,0.3531548012002111,0.1346031964544886,0.136761352053555,0.341087528809227,0.4173667135260704,0.1346031964544886,0.136761352053555,0.0535416229563041,0.0709371427998338,0.1640542452240381,0.2139377798651111,0.0535416229563041,0.0709371427998338,0.0974846019329655,0.0478845621079061,0.2072726887900852,-0.004014752863468,0.0974846019329655,0.0478845621079061,0.3094563484191894,0.4203765392303467,0.3896958827972412,0.4233410358428955,0.0324844696646556,0.031388431452636,0.16,0.1485148514851485,1.0,0.0,0.7,0.4,0.0,1.0,0.2,0.8,1.0,0.0,0.4,0.2,0.0,1.0,0.15,0.4,1.0,0.0,0.4,0.2,1.0,0.0,0.55,0.4,0.0,1.0,0.1,0.3
development/dev_track_a,137,0.8768422117476725,0.968783640095071,False,0.9999998807907248,0.8797143245083899,0.8768422117476725,0.968783640095071,0.5983570885282573,0.6341583040370045,1.0,0.8229597667193654,0.5983570885282573,0.6341583040370045,1.1184556936827603,1.1040046570280335,1.0,0.9999998807907248,1.1184556936827603,1.1040046570280335,0.1181563729516059,0.1450280625065317,0.311393187174245,0.3434896280116019,0.1181563729516059,0.1450280625065317,0.0460582625587262,0.0878995418133744,0.1527279289929872,0.2408504792583739,0.0460582625587262,0.0878995418133744,0.3323438226608235,0.3204290019080212,0.4311584950309954,0.6357305163847161,0.3323438226608235,0.3204290019080212,0.2990956902503967,0.49629807472229,0.3253184854984283,0.3638693392276764,0.0194674933312122,0.026959513575116,0.1638418079096045,0.1690140845070422,0.0,1.0,0.2,0.6,1.0,0.0,0.7,0.3,0.0,1.0,0.1,0.6,0.0,1.0,0.1,0.5,0.0,1.0,0.3,0.75,1.0,0.0,0.7,0.45,1.0,0.0,0.7,0.3
development/dev_track_a,138,0.5504977264968247,0.5506996736448634,True,0.8111015187380888,0.8477956238036605,0.5504977264968247,0.5506996736448634,0.3639190005684954,0.2989043913115873,0.6001065015729378,0.5892235530348325,0.3639190005684954,0.2989043913115873,0.7696238756952775,0.7348360731350401,0.9999999701976772,0.9999999105930396,0.7696238756952775,0.7348360731350401,0.0767006567959744,0.084749498767174,0.2762767868016689,0.2944043435916495,0.0767006567959744,0.084749498767174,0.0300946376430244,0.0385949577201193,0.1221013646775575,0.1115667644800034,0.0300946376430244,0.0385949577201193,0.1662922106461568,0.1247758868620336,0.457575481495463,0.4638443533396507,0.1662922106461568,0.1247758868620336,0.3309398293495178,0.2446236312389373,0.3723353147506714,0.2613316476345062,0.0156502340613058,0.0269892478811344,0.1268292682926829,0.1565836298932384,1.0,0.0,0.7,0.1,1.0,0.0,0.8,0.2,1.0,0.0,0.4,0.1,1.0,0.0,0.65,0.2,1.0,0.0,0.7,0.3,1.0,0.0,0.7,0.35,1.0,0.0,0.55,0.3
development/dev_track_a,139,0.6552294869618622,0.4289082278218309,True,0.81659372847155,1.0,0.6552294869618622,0.4289082278218309,0.1590735005406678,0.1037971934058587,0.5171739150778143,0.9999998509884054,0.1590735005406678,0.1037971934058587,0.567590649117945,0.3993840485158555,0.9999999105930396,0.9999998509884054,0.567590649117945,0.3993840485158555,0.0844061109356786,0.0286405697564355,0.2654361114919504,0.0569054129612193,0.0844061109356786,0.0286405697564355,0.0365128635649703,0.0162353644014673,0.0860816016631865,0.0356865160571209,0.0365128635649703,0.0162353644014673,0.2707312367979493,0.3030784614304554,0.6081686300559198,0.2282376277481742,0.2707312367979493,0.3030784614304554,0.2785121500492096,0.405375063419342,0.2702811062335968,0.2697263658046722,0.0225886681050335,0.0223780926982281,0.1514195583596214,0.1983914209115281,1.0,0.0,0.4,0.1,1.0,0.0,0.8,0.2,1.0,0.0,0.4,0.1,1.0,0.0,0.3,0.1,1.0,0.0,0.4,0.1,1.0,0.0,0.7,0.3,1.0,0.0,0.8,0.15
development/dev_track_a,140,0.7755788221298058,0.4152382321173134,False,0.8658848564762048,0.878651454609459,0.7755788221298058,0.4152382321173134,0.4118028409514846,0.3248820202550622,0.79196030021305,0.7579118446269233,0.4118028409514846,0.3248820202550622,1.3211354760791456,0.6547134442163417,0.9999999105930396,0.9999999701976772,1.3211354760791456,0.6547134442163417,0.1496299113541384,0.086281713537559,0.3628089972488647,0.2492745987013196,0.1496299113541384,0.086281713537559,0.063587640493101,0.0517047843231536,0.1814685109932658,0.1896508856648323,0.063587640493101,0.0517047843231536,0.2479734217443405,0.2547476645030124,0.7333648086778296,0.5611077555882881,0.2479734217443405,0.2547476645030124,0.2700651288032532,0.3188684582710266,0.2005594968795776,0.273714542388916,0.0243700582125957,0.0265002102168777,0.1651917404129793,0.1925465838509316,0.0,1.0,0.05,0.6,1.0,0.0,0.8,0.15,0.0,1.0,0.1,0.4,0.0,1.0,0.1,0.3,0.0,1.0,0.25,0.65,0.0,1.0,0.3,0.7,0.0,1.0,0.25,0.5
development/dev_track_a,141,0.8085125831656863,0.6536260891900215,False,0.8158564191035724,0.999999821186087,0.8085125831656863,0.6536260891900215,0.4660495034642232,0.4553443843305352,0.5639301034274598,0.9999999701976824,0.4660495034642232,0.4553443843305352,0.1310865826124485,0.4556263591882029,0.9999999701976772,0.9999999701976824,0.1310865826124485,0.4556263591882029,0.1137941233768628,0.1821956339248189,0.3313669962898108,0.4125227940635946,0.1137941233768628,0.1821956339248189,0.0649806981761492,0.0598179094682956,0.1842181192356978,0.1927725253980467,0.0649806981761492,0.0598179094682956,0.0737654939388501,0.1805995703568697,0.1883197112678989,0.4161927413236828,0.0737654939388501,0.1805995703568697,0.4140901565551758,0.3069956004619598,0.3014695644378662,0.3545702695846557,0.0070043490899565,0.0242346242551559,0.1121495327102803,0.1978798586572438,1.0,0.0,0.55,0.1,1.0,0.0,0.85,0.15,1.0,0.0,0.4,0.1,0.0,1.0,0.1,0.3,1.0,0.0,0.45,0.1,1.0,0.0,0.7,0.4,0.0,1.0,0.3,0.55
development/dev_track_a,142,0.8138903457919686,0.9385636150312788,False,0.890683067955605,0.8680228748294264,0.8138903457919686,0.9385636150312788,0.6427595674300532,0.5877260782439658,0.6513224659773713,0.7890797618305786,0.6427595674300532,0.5877260782439658,0.2888031038839928,0.4864759124652099,0.9999999105930396,0.9999999105930396,0.2888031038839928,0.4864759124652099,0.1419707859596332,0.1738878275511955,0.3795603187119095,0.4258746682650026,0.1419707859596332,0.1738878275511955,0.0614429282697342,0.0792948230166556,0.1725655499223253,0.2827015365251637,0.0614429282697342,0.0792948230166556,0.0298555722415469,0.1006882019729493,0.1967918713455329,0.2910819038623037,0.0298555722415469,0.1006882019729493,0.3334470391273498,0.2412428706884384,0.2791274785995483,0.3366684913635254,0.0259806574319392,0.0316692595759713,0.1612903225806451,0.1448275862068965,1.0,0.0,0.7,0.4,1.0,0.0,0.85,0.6,1.0,0.0,0.4,0.2,0.0,1.0,0.2,0.5,0.0,1.0,0.3,0.55,0.0,1.0,0.3,0.7,0.0,1.0,0.3,0.65
development/dev_track_a,143,0.9016229051818592,0.8928572962056425,False,0.7790718341980178,0.779610362099366,0.9016229051818592,0.8928572962056425,0.4472989561419567,0.4780841517008958,0.5636666937271722,0.5195578754607003,0.4472989561419567,0.4780841517008958,0.4281171207477633,0.9535749856611604,0.9999999105930396,0.9999998807907248,0.4281171207477633,0.9535749856611604,0.2166515005413047,0.1463375984825715,0.4067053189210665,0.3289717364110978,0.2166515005413047,0.1463375984825715,0.0914072438014436,0.0793142169459269,0.1481297933200979,0.1998082533413587,0.0914072438014436,0.0793142169459269,0.0353123616619846,0.2076606471073613,0.2693414283588503,0.5231791488830734,0.0353123616619846,0.2076606471073613,0.4685325920581817,0.3260347247123718,0.3378756046295166,0.3739203214645386,0.0324844696646556,0.0285782631440168,0.1762114537444933,0.1704035874439461,0.0,1.0,0.1,0.4,1.0,0.0,0.75,0.2,0.0,1.0,0.1,0.4,0.0,1.0,0.2,0.45,1.0,0.0,0.45,0.3,0.0,1.0,0.3,0.55,1.0,0.0,0.35,0.15
development/dev_track_a,144,0.9547596334970462,0.5661557744504764,True,0.7840555567675165,0.999999821186087,0.9547596334970462,0.5661557744504764,0.572538186856084,0.3665605339892652,0.5156832472369173,0.9999998807907248,0.572538186856084,0.3665605339892652,0.2200638087276797,0.1057797035731318,0.9999999105930396,0.9999998807907192,0.2200638087276797,0.1057797035731318,0.1827190110895563,0.1139215951603256,0.4413515288190089,0.3535833074575344,0.1827190110895563,0.1139215951603256,0.074050261710796,0.0382504194262229,0.218007380130929,0.1393809997690917,0.074050261710796,0.0382504194262229,-0.0071136557539134,0.0469944721335389,-0.0247023970263666,0.1688819163592046,-0.0071136557539134,0.0469944721335389,0.2530938982963562,0.5792310833930969,0.2439504116773605,0.4083234667778015,0.0163622501103942,0.0290817999365707,0.142292490118577,0.1808510638297872,0.0,1.0,0.05,0.6,0.0,1.0,0.0,0.8,0.0,1.0,0.1,0.4,0.0,1.0,0.1,0.5,1.0,0.0,0.45,0.15,0.0,1.0,0.12,0.58,0.0,1.0,0.35,0.55
development/dev_track_a,145,0.7061474555091491,0.8112297941821482,True,0.8837466974560383,0.8504758655457657,0.7061474555091491,0.8112297941821482,0.4522078961627586,0.5226146491632093,0.6128260358779387,0.6337640940372709,0.4522078961627586,0.5226146491632093,0.2887875130314815,0.426541471547048,0.9999999701976772,0.9999999105930396,0.2887875130314815,0.426541471547048,0.1891089044880362,0.1770955943918506,0.4791007265438744,0.4554192212459503,0.1891089044880362,0.1770955943918506,0.0855210978533831,0.083575012688087,0.2783085561643658,0.2372586060751516,0.0855210978533831,0.083575012688087,0.1120327171062683,0.0635675748533775,0.1292428450033423,0.3007835354110155,0.1120327171062683,0.0635675748533775,0.3500168621540069,0.2304846346378326,0.2179976403713226,0.391545295715332,0.0232686603510533,0.0160059858107553,0.1372031662269129,0.1354838709677419,1.0,0.0,0.55,0.4,1.0,0.0,0.85,0.15,1.0,0.0,0.7,0.4,0.0,1.0,0.2,0.5,1.0,0.0,0.5,0.3,1.0,0.0,0.55,0.35,0.0,1.0,0.3,0.7
development/dev_track_a,146,0.5948436568098444,0.5368249627278118,False,0.9155635288021862,0.9999998807907192,0.5948436568098444,0.5368249627278118,0.357635240796065,0.2061657157710749,0.7316022079228052,1.000000000000005,0.357635240796065,0.2061657157710749,0.6420631275356551,0.5059975665562207,0.9999999403953606,0.9999999105930396,0.6420631275356551,0.5059975665562207,0.1122540774263849,0.1279324976475377,0.3384988372183809,0.2783324114680744,0.1122540774263849,0.1279324976475377,0.0606753383056093,0.0645972060152981,0.1700921119306684,0.1699659423329226,0.0606753383056093,0.0645972060152981,0.3484153185371836,0.0831880551789636,0.2223654679128258,0.1974543275125682,0.3484153185371836,0.0831880551789636,0.1678589284420013,0.4307222962379455,0.2540242969989776,0.2987921833992004,0.0108997932473205,0.0201553469441723,0.0888888888888888,0.1212121212121212,0.0,1.0,0.1,0.4,0.0,1.0,0.0,0.7,0.0,1.0,0.1,0.4,0.0,1.0,0.1,0.5,0.0,1.0,0.15,0.45,0.0,1.0,0.1,0.6,0.0,1.0,0.2,0.7
development/dev_track_a,147,0.7049867873389161,0.7096389632159799,True,0.890008164643268,0.8823031327363094,0.7049867873389161,0.7096389632159799,0.3747108045749797,0.3967951781362388,0.6854984743447503,0.7327813069354722,0.3747108045749797,0.3967951781362388,0.4485797052954203,0.712751266641368,0.9999998807907248,0.9999998807907192,0.4485797052954203,0.712751266641368,0.1273233285480166,0.1278519412456234,0.2667013261068302,0.3103585327742434,0.1273233285480166,0.1278519412456234,0.0353014649060076,0.0909245353670816,0.1195138842399372,0.1684201152513169,0.0353014649060076,0.0909245353670816,0.2318872639804166,0.1732556791690961,0.3154000342429825,0.3743267440115678,0.2318872639804166,0.1732556791690961,0.3436564207077026,0.2679341435432434,0.3982051908969879,0.3902888298034668,0.0136437115855195,0.0225954836222535,0.1787709497206703,0.1576354679802955,1.0,0.0,0.7,0.4,1.0,0.0,0.8,0.2,1.0,0.0,0.4,0.2,0.0,1.0,0.2,0.5,0.0,1.0,0.3,0.7,1.0,0.0,0.7,0.45,1.0,0.0,0.7,0.4
development/dev_track_a,148,0.2233222374523116,0.373316631828778,False,0.7113657341759522,0.6549120956764107,0.2233222374523116,0.373316631828778,0.1056854613373369,0.1377357578567817,0.4245350450831598,0.4701842561089588,0.1056854613373369,0.1377357578567817,0.2497943124925686,0.3041847796356433,0.9999998807907192,0.9999999403953552,0.2497943124925686,0.3041847796356433,0.0324705197226221,0.0630717111734887,0.1422189426025874,0.2191045324174543,0.0324705197226221,0.0630717111734887,0.0226579087012066,0.0300990805344767,0.0307183134044704,0.0510174157197056,0.0226579087012066,0.0300990805344767,0.0813006721655257,0.2896101340291953,0.2224470476103588,0.5114941470026884,0.0813006721655257,0.2896101340291953,0.2636955082416534,0.2423043847084045,0.3563531637191772,0.3085409998893738,0.0116497303956711,0.0334234187224702,0.1282798833819242,0.1869158878504672,0.0,1.0,0.1,0.4,1.0,0.0,0.8,0.2,0.0,1.0,0.1,0.4,0.0,1.0,0.1,0.6,0.0,1.0,0.3,0.7,0.0,1.0,0.2,0.8,0.0,1.0,0.2,0.7
development/dev_track_a,149,0.642626367800782,0.5241612736470421,False,0.7324742993743063,0.7702369367793874,0.642626367800782,0.5241612736470421,0.3186035799829745,0.4939693540569435,0.4988667072216621,0.5053146475178424,0.3186035799829745,0.4939693540569435,0.5124010632392606,0.574595864335764,0.9999999403953606,0.9999999701976772,0.5124010632392606,0.574595864335764,0.0853208298175841,0.2520602287727247,0.2623380474442982,0.4373994604669431,0.0853208298175841,0.2520602287727247,0.041177739829057,0.068447684606281,0.12851732979034,0.2024709724337898,0.041177739829057,0.068447684606281,0.1318467242132019,0.1257864270036558,0.5056370062090232,0.3771014145649346,0.1318467242132019,0.1257864270036558,0.2277614325284958,0.3652647137641907,0.3045982718467712,0.2744399309158325,0.0314370081270438,0.0246652194979808,0.193798449612403,0.177304964539007,0.0,1.0,0.1,0.7,1.0,0.0,0.8,0.3,0.0,1.0,0.1,0.4,0.0,1.0,0.1,0.65,0.0,1.0,0.2,0.4,0.0,1.0,0.3,0.7,0.0,1.0,0.15,0.65
development/dev_track_a,150,1.0601993484846357,0.4758509629826708,True,0.8866016403911542,0.8680464782659437,1.0601993484846357,0.4758509629826708,0.7657227774304989,0.2576672502086524,0.7180174329260072,0.7104865061656825,0.7657227774304989,0.2576672502086524,0.5040732329199179,0.5140967143853395,0.9999998509884054,0.9999999105930396,0.5040732329199179,0.5140967143853395,0.1322435806302865,0.0918201840734125,0.3136803713556734,0.3204549127619339,0.1322435806302865,0.0918201840734125,0.0605684048070521,0.0558185836598695,0.1632751533012138,0.1925985369144274,0.0605684048070521,0.0558185836598695,0.1933928807532119,0.1683580539904215,0.482197659566205,0.3977402276703539,0.1933928807532119,0.1683580539904215,0.492434024810791,0.2296056747436523,0.3239716291427612,0.3091080784797668,0.0160687612431067,0.0119095902669636,0.1498559077809798,0.1538461538461538,1.0,0.0,0.65,0.2,1.0,0.0,0.8,0.2,1.0,0.0,0.4,0.1,1.0,0.0,0.7,0.2,1.0,0.0,0.55,0.2,1.0,0.0,0.7,0.3,1.0,0.0,0.7,0.2
development/dev_track_a,151,1.076704419366734,0.748901955350389,True,0.8240940079633008,0.7176547646522522,1.076704419366734,0.748901955350389,0.6934710461823052,0.2266048874857688,0.6012239873044518,0.4726178537878588,0.6934710461823052,0.2266048874857688,1.0886869754136228,1.0474660515865737,0.9999999105930396,0.9999998509884054,1.0886869754136228,1.0474660515865737,0.2444919538825845,0.0981865365404982,0.5166317433887796,0.2889391231291332,0.2444919538825845,0.0981865365404982,0.1196461188844092,0.0486653402821998,0.2418117931510761,0.137700746909063,0.1196461188844092,0.0486653402821998,0.3582717153354843,0.1990372044589618,0.5706722319093261,0.3906853187997636,0.3582717153354843,0.1990372044589618,0.3239854276180267,0.270946592092514,0.2570718228816986,0.3374730348587036,0.0184302146119717,0.0261320551812451,0.1349206349206349,0.1265822784810126,1.0,0.0,0.55,0.1,1.0,0.0,0.85,0.1,1.0,0.0,0.4,0.1,0.0,1.0,0.2,0.6,1.0,0.0,0.55,0.2,1.0,0.0,0.55,0.3,1.0,0.0,0.55,0.15
development/dev_track_a,152,0.4262873789695551,0.4857019583318375,True,0.9555136614425586,1.0,0.4262873789695551,0.4857019583318375,0.1318474920247818,0.2515423585445756,0.9022513417376904,0.9999999701976772,0.1318474920247818,0.2515423585445756,0.4736622315522045,0.8992270581278091,0.9999999105930448,0.9999999105930448,0.4736622315522045,0.8992270581278091,0.0804716769788721,0.0713488878256563,0.219132796390201,0.2286923434725912,0.0804716769788721,0.0713488878256563,0.0439156166565179,0.0439391605592581,0.1490502099710645,0.0604394871316017,0.0439156166565179,0.0439391605592581,0.216497495576691,0.0900990326197567,0.6956347156097309,0.2384986964304523,0.216497495576691,0.0900990326197567,0.5072448253631592,0.3841806054115295,0.1918171346187591,0.2455333173274994,0.0383536107661053,0.0417810068876035,0.1396825396825396,0.1666666666666666,1.0,0.0,0.7,0.4,1.0,0.0,0.8,0.2,1.0,0.0,0.4,0.3,1.0,0.0,0.55,0.3,0.0,1.0,0.4,0.7,0.0,1.0,0.45,0.8,1.0,0.0,0.65,0.35
development/dev_track_a,153,0.5245434478678889,0.2394557345637096,True,0.747104957872335,0.8060329076032112,0.5245434478678889,0.2394557345637096,0.295455849374682,0.1849137449838271,0.5563920238859624,0.585228289054136,0.295455849374682,0.1849137449838271,1.151744000208257,0.1435443834593124,1.0,0.9999999403953606,1.151744000208257,0.1435443834593124,0.0939495287658408,0.1235290448328416,0.3266742597541592,0.1880921114054087,0.0939495287658408,0.1235290448328416,0.0408063124715872,0.0716071767001822,0.1734715735505601,0.071116898472769,0.0408063124715872,0.0716071767001822,0.2511453164147031,0.0126806834600923,0.5626652626108182,0.0287425229165964,0.2511453164147031,0.0126806834600923,0.2138090133666992,0.3651754856109619,0.3454717397689819,0.2908485531806946,0.0121187041336303,0.0055907454315021,0.1185770750988142,0.1504424778761061,1.0,0.0,0.4,0.2,1.0,0.0,0.8,0.2,1.0,0.0,0.4,0.2,1.0,0.0,0.3,0.1,0.0,1.0,0.15,0.2,1.0,0.0,0.62,0.28,1.0,0.0,0.45,0.2
development/dev_track_a,154,0.8901729452189835,0.849360366218161,True,0.8974149349433261,0.8773600605297016,0.8901729452189835,0.849360366218161,0.6349780369839263,0.5302491465589232,0.7157317738852771,0.7248787015821098,0.6349780369839263,0.5302491465589232,0.8651466573601897,0.5049421560649728,1.000000059604643,0.9999998509884054,0.8651466573601897,0.5049421560649728,0.1621480009531732,0.1690362133622818,0.4946013550347167,0.4928891125688208,0.1621480009531732,0.1690362133622818,0.0801211458322919,0.0767274542509675,0.2365333202600983,0.2544744162146936,0.0801211458322919,0.0767274542509675,0.2801330868833993,0.2583166895452436,0.6910849843966445,0.5596207231386355,0.2801330868833993,0.2583166895452436,0.2565514147281647,0.2970498204231262,0.2946090698242187,0.346595823764801,0.0212341734580313,0.0148984773849186,0.1618497109826589,0.1498371335504886,1.0,0.0,0.4,0.2,0.0,1.0,0.3,0.8,1.0,0.0,0.4,0.2,0.0,1.0,0.1,0.5,1.0,0.0,0.55,0.2,1.0,0.0,0.7,0.3,1.0,0.0,0.65,0.25
development/dev_track_a,155,0.8814073698690267,0.7508202483471177,False,0.8478421750256807,0.9088632573052338,0.8814073698690267,0.7508202483471177,0.4488673061558069,0.4228895954219822,0.6146297135010759,0.8335649668756098,0.4488673061558069,0.4228895954219822,0.1614826696198919,0.3368147230986155,0.9999998509884054,0.9999999403953606,0.1614826696198919,0.3368147230986155,0.0677554996861723,0.0485903625515844,0.2580007109055959,0.2375628689320613,0.0677554996861723,0.0485903625515844,0.0328950505666155,0.0420039811441207,0.1371603573924209,0.0998191179097841,0.0328950505666155,0.0420039811441207,0.045245843658085,0.0948182624051412,0.1296463665794663,0.3016038579550955,0.045245843658085,0.0948182624051412,0.1269715577363968,0.3680348992347717,0.3230700492858886,0.225582480430603,0.0070736173781841,0.025209532073662,0.125,0.1818181818181818,0.0,1.0,0.1,0.4,0.0,1.0,0.15,0.8,0.0,1.0,0.1,0.4,0.0,1.0,0.1,0.4,0.0,1.0,0.15,0.3,0.0,1.0,0.2,0.7,0.0,1.0,0.2,0.75
development/dev_track_a,156,0.385537475724184,0.7863934124552655,True,0.7811752222567532,0.8623744927421529,0.385537475724184,0.7863934124552655,0.0756547714427381,0.4997901834072892,0.5206404744624359,0.7377191058899493,0.0756547714427381,0.4997901834072892,0.4434532259498611,0.651098482028826,0.9999998509884054,0.9999999403953606,0.4434532259498611,0.651098482028826,0.1246357500684089,0.163521313689548,0.3090059489437254,0.3142009125492445,0.1246357500684089,0.163521313689548,0.0458928169549942,0.0721214087470275,0.1262790353104419,0.1958500798084139,0.0458928169549942,0.0721214087470275,0.1786775906787533,0.051097654318314,0.3875881711734713,0.115603196341161,0.1786775906787533,0.051097654318314,0.683222770690918,0.2704794108867645,0.3044967651367187,0.2726896107196808,0.0292800023704329,0.017813218095378,0.2259136212624584,0.1587301587301587,1.0,0.0,0.8,0.2,1.0,0.0,0.8,0.2,1.0,0.0,0.8,0.2,1.0,0.0,0.7,0.3,1.0,0.0,0.7,0.2,1.0,0.0,0.7,0.3,1.0,0.0,0.45,0.05
development/dev_track_a,157,0.008507582405148,0.0679600364071263,True,0.9054488652409476,0.8554266777380316,0.008507582405148,0.0679600364071263,0.1322873704408632,0.2069448653700072,0.7984624149248063,0.6298836910863291,0.1322873704408632,0.2069448653700072,0.3228692271525687,0.3652415863533031,1.0,0.9999999403953606,0.3228692271525687,0.3652415863533031,0.0735573606626487,0.1240118027253022,0.2848630260574421,0.4775955284260637,0.0735573606626487,0.1240118027253022,0.0437226038213958,0.0748754695283792,0.1374251807861081,0.2790191646684974,0.0437226038213958,0.0748754695283792,0.1373176174462621,0.2425298944173989,0.370050538279592,0.4730978155206186,0.1373176174462621,0.2425298944173989,0.2747737765312195,0.0283204745501279,0.3674011826515198,0.3463893532752991,0.0251353038061575,0.0277532465101739,0.1828571428571428,0.1965317919075144,0.0,1.0,0.2,0.6,1.0,0.0,0.8,0.2,0.0,1.0,0.1,0.4,0.0,1.0,0.1,0.3,1.0,0.0,0.55,0.25,1.0,0.0,0.7,0.4,1.0,0.0,0.55,0.3
development/dev_track_a,158,0.4032823343928381,0.5735097769637416,False,0.8437021561024003,0.9999998807907248,0.4032823343928381,0.5735097769637416,0.222192888253685,0.4186615220917838,0.8420258352725702,0.9999998807907248,0.222192888253685,0.4186615220917838,0.4945594969241715,0.5785838951118305,0.9999997913837696,0.9999999403953606,0.4945594969241715,0.5785838951118305,0.1372300494641861,0.1390844808147563,0.3115495016140726,0.4720863751897751,0.1372300494641861,0.1390844808147563,0.0447823072638294,0.0538827224136711,0.1302867931175949,0.2548913998957868,0.0447823072638294,0.0538827224136711,0.2244763340527865,0.0547104319990506,0.4452807354327563,0.1627164428597159,0.2244763340527865,0.0547104319990506,0.2914404273033142,0.4334796965122223,0.3544135689735412,0.3668488264083862,0.0350025766981279,0.0209110630246449,0.1899441340782123,0.1666666666666666,0.0,1.0,0.2,0.6,1.0,0.0,0.8,0.2,0.0,1.0,0.1,0.4,0.0,1.0,0.2,0.4,0.0,1.0,0.3,0.65,0.0,1.0,0.45,0.7,1.0,0.0,0.7,0.5
development/dev_track_a,159,0.4770124493334968,0.6827081250771784,False,0.8324193558193022,0.7919389257503836,0.4770124493334968,0.6827081250771784,0.2583785983397315,0.5032867679738424,0.5242249496974117,0.4890082941936984,0.2583785983397315,0.5032867679738424,0.8026187786628208,0.9612332505753814,0.9999999105930396,0.9999999403953606,0.8026187786628208,0.9612332505753814,0.0574163436349913,0.0437288544710033,0.2158983718614374,0.1837448283612913,0.0574163436349913,0.0437288544710033,0.0232054343214904,0.0126620170274274,0.0782090887097024,0.0821819441779948,0.0232054343214904,0.0126620170274274,0.2107867293786513,0.1603238746310333,0.6235988697569764,0.5060750511544504,0.2107867293786513,0.1603238746310333,0.5074112415313721,0.1387293636798858,0.3691380321979522,0.2052422165870666,0.0177161905561281,0.0169503686250747,0.1509433962264151,0.1541582150101419,0.0,1.0,0.1,0.8,1.0,0.0,0.85,0.15,0.0,1.0,0.2,0.6,1.0,0.0,0.65,0.3,0.0,1.0,0.3,0.8,0.0,1.0,0.3,0.75,0.0,1.0,0.3,0.8
development/dev_track_a,160,0.6830192557460493,0.9412330383056688,True,0.9999999403953606,0.9024795947981138,0.6830192557460493,0.9412330383056688,0.4379617261744136,0.6425622186223996,1.0,0.6489896000636101,0.4379617261744136,0.6425622186223996,0.501705471582969,0.0893116686368451,0.9999998509884054,0.9999998509884054,0.501705471582969,0.0893116686368451,0.1324567692275979,0.1558528483431393,0.3721771909122019,0.3128402519156424,0.1324567692275979,0.1558528483431393,0.061491103411323,0.0573764153451121,0.1884784012815068,0.1879716596426561,0.061491103411323,0.0573764153451121,0.0902654650830683,0.1115639592532776,0.2759546736241613,0.0960980124021606,0.0902654650830683,0.1115639592532776,0.2878457903861999,0.3518771529197693,0.4366109371185303,0.3602028489112854,0.0208017800909845,0.0165966579355758,0.1023255813953488,0.1396648044692737,1.0,0.0,0.7,0.2,1.0,0.0,0.85,0.1,1.0,0.0,0.7,0.2,1.0,0.0,0.5,0.2,1.0,0.0,0.7,0.3,1.0,0.0,0.7,0.45,1.0,0.0,0.7,0.3
development/dev_track_a,161,0.7422710876369227,0.9228899414025604,True,0.869792834545036,0.9555136614425586,0.7422710876369227,0.9228899414025604,0.4998110298508912,0.562962498942858,0.6225161816900667,0.9022513148485046,0.4998110298508912,0.562962498942858,0.5170240864503617,0.2994676405184742,1.0,0.9999999403953606,0.5170240864503617,0.2994676405184742,0.1446547553803373,0.1042987735750466,0.4445742750191739,0.3885080489580479,0.1446547553803373,0.1042987735750466,0.0617295168146357,0.0493065092688542,0.2466667653721453,0.1859102265703645,0.0617295168146357,0.0493065092688542,0.1343676117440652,0.1442748772992639,0.2504758953699456,0.354182678187358,0.1343676117440652,0.1442748772992639,0.2463106364011764,0.3896714448928833,0.4172201156616211,0.4265485405921936,0.0179483467027741,0.0500811028194521,0.1553398058252427,0.1796407185628742,1.0,0.0,0.55,0.4,0.0,1.0,0.2,0.8,0.0,1.0,0.1,0.6,0.0,1.0,0.2,0.5,0.0,1.0,0.4,0.7,1.0,0.0,0.7,0.3,1.0,0.0,0.7,0.3
development/dev_track_a,162,0.7347876441348801,0.8805521549808578,False,0.8019666311780654,0.8575802019142864,0.7347876441348801,0.8805521549808578,0.4359579829080255,0.579975179469443,0.4929486966477003,0.5885616610740122,0.4359579829080255,0.579975179469443,0.0855921689637152,0.7197110912455923,0.9999999403953552,1.0,0.0855921689637152,0.7197110912455923,0.1179112162129566,0.1213726136868257,0.3960018300822512,0.3490675536154663,0.1179112162129566,0.1213726136868257,0.070250892215885,0.0713705786703459,0.2171149002331476,0.2137682726852762,0.070250892215885,0.0713705786703459,0.1752385957486608,0.1121262733943685,0.3893783979028772,0.3536829741317784,0.1752385957486608,0.1121262733943685,0.3912757039070129,0.246561974287033,0.3070048093795776,0.296320378780365,0.02639393431972,0.0168870250236656,0.1377049180327869,0.1236363636363636,1.0,0.0,0.4,0.2,0.0,1.0,0.0,0.8,0.0,1.0,0.1,0.4,0.0,1.0,0.1,0.4,0.0,1.0,0.1,0.3,0.0,1.0,0.3,0.7,0.0,1.0,0.2,0.35
development/dev_track_a,163,0.68567513792545,0.3686563523284811,True,0.8741779998434798,0.8469969630241394,0.68567513792545,0.3686563523284811,0.3903593943937816,0.1467577459288852,0.6915174104406755,0.5861356751757024,0.3903593943937816,0.1467577459288852,0.9026549014119238,0.8374097247899952,0.9999999403953606,0.9999999403953606,0.9026549014119238,0.8374097247899952,0.1323512878511964,0.1060315703985388,0.3379605949162029,0.2494436887099374,0.1323512878511964,0.1060315703985388,0.075252680487191,0.0660872161260313,0.1928724766655292,0.1999687485738926,0.075252680487191,0.0660872161260313,0.2794723060121084,0.2939742497382354,0.5551883047048511,0.715907122715722,0.2794723060121084,0.2939742497382354,0.3380423784255981,0.2758259177207947,0.3683719038963318,0.3368527293205261,0.0243690428107564,0.0236701389930026,0.1327014218009478,0.1014492753623188,1.0,0.0,0.55,0.2,0.0,1.0,0.25,0.8,1.0,0.0,0.4,0.2,1.0,0.0,0.7,0.2,1.0,0.0,0.55,0.2,1.0,0.0,0.7,0.4,0.0,1.0,0.3,0.7
development/dev_track_a,164,0.8350847140527987,0.8196194726633504,True,0.9999998807907248,0.7309324901740272,0.8350847140527987,0.8196194726633504,0.4649491129377651,0.497819759515422,0.999999940395366,0.5379956915383707,0.4649491129377651,0.497819759515422,1.240641702449404,1.019897663638608,0.9999999701976772,1.0,1.240641702449404,1.019897663638608,0.2176180403185327,0.0957033400403336,0.3590430160107674,0.2727058376904427,0.2176180403185327,0.0957033400403336,0.0645226062325579,0.0588084744744614,0.1433760172677054,0.1359480110848913,0.0645226062325579,0.0588084744744614,0.3200837782714266,0.0340492261284041,0.7020826976956438,0.2472803654375528,0.3200837782714266,0.0340492261284041,0.1658021509647369,0.309830754995346,0.2721947431564331,0.2991082668304443,0.0279646898580786,0.0242229419867156,0.1698841698841698,0.1603053435114503,1.0,0.0,0.4,0.1,1.0,0.0,0.8,0.2,1.0,0.0,0.4,0.1,1.0,0.0,0.65,0.2,1.0,0.0,0.7,0.2,1.0,0.0,0.68,0.25,1.0,0.0,0.45,0.15
development/dev_track_a,165,0.4626486400727017,0.5463228488817992,False,0.7206620740495889,0.9182410933684,0.4626486400727017,0.5463228488817992,0.1777445874260065,0.380813041333763,0.4773583141138179,0.7739836843033213,0.1777445874260065,0.380813041333763,0.9372569186264572,0.6076092453243205,0.9999999701976772,0.9999999403953606,0.9372569186264572,0.6076092453243205,0.0754328258351772,0.0731688085806288,0.2796064159757306,0.270889104635777,0.0754328258351772,0.0731688085806288,0.0357183413085212,0.0322927138366358,0.1357199713644759,0.1506262885641509,0.0357183413085212,0.0322927138366358,0.1443357122068196,0.2147591449313358,0.4608723983319039,0.307824745829566,0.1443357122068196,0.2147591449313358,0.3811905086040497,0.2627449035644531,0.4085560441017151,0.269220232963562,0.0184677130563135,0.0259810327133959,0.1484536082474226,0.1441860465116279,1.0,0.0,0.4,0.1,1.0,0.0,0.8,0.2,1.0,0.0,0.4,0.2,1.0,0.0,0.45,0.2,0.0,1.0,0.3,0.7,0.0,1.0,0.38,0.72,0.0,1.0,0.3,0.6
development/dev_track_a,166,0.910319969700866,0.7185828377216477,False,0.999999821186078,0.8962736787632911,0.910319969700866,0.7185828377216477,0.4620952205044982,0.4694576417012505,0.999999821186087,0.7638050230915854,0.4620952205044982,0.4694576417012505,0.4254665644502439,0.5882802003823973,0.9999998509884054,0.9999998807907248,0.4254665644502439,0.5882802003823973,0.0912779991873013,0.0810823363851986,0.2129528703594913,0.2683268251121742,0.0912779991873013,0.0810823363851986,0.0358487003806916,0.0225540297433048,0.1009352051310922,0.1082270947054812,0.0358487003806916,0.0225540297433048,0.1728981185177114,0.0947389614205298,0.3584059356348967,0.0737179488931498,0.1728981185177114,0.0947389614205298,0.4997963309288025,0.2457677721977234,0.2933111488819122,0.2810441255569458,0.0221442480862942,0.0205527248013968,0.1456953642384106,0.1498559077809798,0.0,1.0,0.4,0.8,0.0,1.0,0.2,0.8,0.0,1.0,0.4,0.7,0.0,1.0,0.3,0.7,1.0,0.0,0.55,0.3,1.0,0.0,0.7,0.3,0.0,1.0,0.4,0.7
development/dev_track_a,167,0.3777319704173188,0.4135056858677372,False,0.8033173318723045,0.8225935312994085,0.3777319704173188,0.4135056858677372,0.2079762499707098,0.2348675453266137,0.6577921517677198,0.5813616840002384,0.2079762499707098,0.2348675453266137,0.7565760569353577,0.70504636132185,0.9999999105930396,0.9999998807907248,0.7565760569353577,0.70504636132185,0.1129973722826335,0.1109329551280657,0.4467095601754812,0.3483555992421371,0.1129973722826335,0.1109329551280657,0.0680726091159829,0.0606122826145388,0.2406310324423013,0.213171242062316,0.0680726091159829,0.0606122826145388,0.3583500300008136,0.1606674464572353,0.575220237257349,0.42963685646425,0.3583500300008136,0.1606674464572353,0.4076376855373382,0.2596397995948791,0.289539098739624,0.2448579370975494,0.0238007172894324,0.0172690868480404,0.1376518218623481,0.1357142857142857,0.0,1.0,0.4,0.8,0.0,1.0,0.0,0.8,0.0,1.0,0.4,0.6,0.0,1.0,0.2,0.6,0.0,1.0,0.3,0.65,0.0,1.0,0.45,0.7,0.0,1.0,0.3,0.55
development/dev_track_a,168,0.829680930032863,0.7944762063219313,True,0.8773698356902795,0.8507930725340219,0.829680930032863,0.7944762063219313,0.6759033640095669,0.5736279023232334,0.5956720595750737,0.6092740167052726,0.6759033640095669,0.5736279023232334,0.709902362469495,0.8470367249662103,0.9999998807907248,0.9999999403953606,0.709902362469495,0.8470367249662103,0.1383310297125598,0.1035863844931364,0.4292225651160207,0.3739871515332564,0.1383310297125598,0.1035863844931364,0.0781212829175721,0.0382027351692887,0.2464282119681791,0.1818060592047565,0.0781212829175721,0.0382027351692887,0.1608546083035133,0.1237358737329343,0.3787396806518553,0.3849533640627237,0.1608546083035133,0.1237358737329343,0.0879028886556625,0.3000250458717346,0.2775802910327911,0.2222860902547836,0.0185522319784482,0.0200044589587421,0.1744548286604361,0.1623188405797101,1.0,0.0,0.4,0.2,0.0,1.0,0.2,0.8,1.0,0.0,0.4,0.2,0.0,1.0,0.2,0.65,0.0,1.0,0.4,0.65,0.0,1.0,0.45,0.7,0.0,1.0,0.4,0.75
development/dev_track_a,169,0.9702383527536514,0.6834262827128954,False,0.8868347541290815,0.864598588395287,0.9702383527536514,0.6834262827128954,0.6795478599663264,0.4546990278468331,0.6735793345946696,0.6510931669362584,0.6795478599663264,0.4546990278468331,0.7518758027422845,0.8520981491792778,0.9999998509884,0.9999999701976772,0.7518758027422845,0.8520981491792778,0.1810974252102456,0.1573882455658737,0.4071806420216267,0.3844897821611894,0.1810974252102456,0.1573882455658737,0.1037158187804306,0.0798682594882797,0.2187807443701909,0.2064206029596981,0.1037158187804306,0.0798682594882797,0.3375229703450292,0.3045853836205173,0.6470367021009721,0.7395144673464064,0.3375229703450292,0.3045853836205173,0.3316981494426727,0.2465219646692276,0.2393274009227752,0.4113065600395202,0.0439819626946982,0.0244667233989376,0.178988326848249,0.1818181818181818,1.0,0.0,0.7,0.1,1.0,0.0,0.8,0.2,1.0,0.0,0.4,0.1,1.0,0.0,0.7,0.1,1.0,0.0,0.35,0.1,1.0,0.0,0.65,0.45,1.0,0.0,0.55,0.35
development/dev_track_a,170,0.9789961895674608,0.9432464776836296,True,0.8752815201710764,0.8697121739387512,0.9789961895674608,0.9432464776836296,0.6338259122308221,0.6653690030717389,0.6566197089410175,0.6587344218809101,0.6338259122308221,0.6653690030717389,0.6021362523792241,1.1853182381617555,0.9999998807907248,0.9999999403953606,0.6021362523792241,1.1853182381617555,0.0993043268381651,0.1204185545727635,0.2074451736234634,0.243835904092136,0.0993043268381651,0.1204185545727635,0.0527178223098655,0.0574232881752218,0.1114752810759115,0.1338479904682823,0.0527178223098655,0.0574232881752218,0.1978891311130096,0.1823810281869917,0.4428273025862944,0.4649037543669768,0.1978891311130096,0.1823810281869917,0.3420907855033874,0.2670762538909912,0.3056985735893249,0.3545162677764892,0.0262854011335668,0.0202803582038612,0.1481481481481481,0.1524390243902439,1.0,0.0,0.7,0.4,0.0,1.0,0.2,0.8,1.0,0.0,0.4,0.2,1.0,0.0,0.5,0.2,0.0,1.0,0.3,0.65,0.0,1.0,0.3,0.6,0.0,1.0,0.2,0.55
development/dev_track_a,171,0.8744428625122399,0.8698586201526056,True,0.9299840414543102,0.9310926877149716,0.8744428625122399,0.8698586201526056,0.6848777015434278,0.6970823484370222,0.7891841060409539,0.8301261517292755,0.6848777015434278,0.6970823484370222,0.4371464042295779,0.611957484713834,0.999999821186087,0.999999821186087,0.4371464042295779,0.611957484713834,0.1440342039974294,0.2020884724016376,0.3509727059609057,0.5165993542452687,0.1440342039974294,0.2020884724016376,0.0770800751920795,0.1277597087907762,0.2430110709257849,0.3743094206697166,0.0770800751920795,0.1277597087907762,0.0288856594827526,0.0833597281581092,0.2315727262583273,0.2761657002975143,0.0288856594827526,0.0833597281581092,0.3824659585952759,0.3648325204849243,0.3205548524856567,0.3904235363006592,0.0200661367636678,0.0413987381521233,0.150197628458498,0.1900452488687782,1.0,0.0,0.55,0.2,1.0,0.0,0.85,0.1,1.0,0.0,0.4,0.2,1.0,0.0,0.65,0.2,1.0,0.0,0.25,0.15,0.0,1.0,0.3,0.75,0.0,1.0,0.3,0.7
development/dev_track_a,172,0.8446752084130191,1.1335167711242118,False,0.915686677016416,0.8661917607555675,0.8446752084130191,1.1335167711242118,0.6566850995094948,0.8559268620896744,0.7974874377250714,0.7636685880718888,0.6566850995094948,0.8559268620896744,0.901124859796888,0.5640201592367194,0.9999998509884,0.9946417218873832,0.901124859796888,0.5640201592367194,0.1710492281288302,0.2598842598906438,0.4070279667289726,0.4374492872925652,0.1710492281288302,0.2598842598906438,0.0631122505000734,0.1919748898689955,0.2189178643701358,0.3991629582278329,0.0631122505000734,0.1919748898689955,0.194442614174253,0.1663409737091738,0.5748105634214058,0.4838720965783395,0.194442614174253,0.1663409737091738,0.4363383054733276,0.3238323032855987,0.2476960718631744,0.383531391620636,0.0214757783642407,0.012963615970089,0.175531914893617,0.1526104417670682,0.0,1.0,0.1,0.8,1.0,0.0,0.8,0.2,0.0,1.0,0.1,0.7,0.0,1.0,0.2,0.65,0.0,1.0,0.3,0.7,0.0,1.0,0.35,0.78,0.0,1.0,0.2,0.7
development/dev_track_a,173,0.5861239374764748,0.5653014147417607,True,0.9999998807907248,0.9044410104225862,0.5861239374764748,0.5653014147417607,0.414269580988795,0.3267487444855792,0.9999998807907248,0.7972760442166276,0.414269580988795,0.3267487444855792,0.6911010365444191,0.7934894362169247,0.9999998509884054,0.999999821186087,0.6911010365444191,0.7934894362169247,0.0750603898219208,0.103224396760145,0.3156887343184654,0.3531846089311192,0.0750603898219208,0.103224396760145,0.054819548062806,0.0463233929853647,0.2089362269416208,0.1913323075484741,0.054819548062806,0.0463233929853647,0.1985593683002534,0.2036636292286995,0.4246666520823374,0.2246855225849166,0.1985593683002534,0.2036636292286995,0.2473059892654419,0.4766643345355987,0.3518743515014648,0.3973779082298279,0.0219827456829792,0.0179470649349926,0.1533923303834808,0.1413427561837456,1.0,0.0,0.55,0.2,1.0,0.0,0.85,0.6,1.0,0.0,0.4,0.2,1.0,0.0,0.55,0.2,1.0,0.0,0.6,0.4,1.0,0.0,0.7,0.4,0.0,1.0,0.3,0.7
development/dev_track_a,174,0.9973792342866248,0.700575741404231,False,0.9076285472359004,0.9220727775010136,0.9973792342866248,0.700575741404231,0.6419516032907113,0.5355577960420783,0.7697538182506198,0.7530868572217085,0.6419516032907113,0.5355577960420783,0.7723362603778446,0.6570528079240268,0.9999998807907248,0.9999998807907248,0.7723362603778446,0.6570528079240268,0.1134933089202169,0.1619298785207673,0.2589322588088847,0.4468381939475117,0.1134933089202169,0.1619298785207673,0.0517938246769333,0.0571132168372715,0.154144344980843,0.2418309413359725,0.0517938246769333,0.0571132168372715,0.2081482699302651,0.1055502146458154,0.3238388887775661,0.4170816799147691,0.2081482699302651,0.1055502146458154,0.1909730434417724,0.2599526047706604,0.403273344039917,0.3144493401050567,0.0098260578127532,0.028120613867171,0.128440366972477,0.1678832116788321,1.0,0.0,0.55,0.4,1.0,0.0,0.8,0.2,1.0,0.0,0.4,0.2,1.0,0.0,0.5,0.2,0.0,1.0,0.2,0.3,0.0,1.0,0.35,0.65,0.0,1.0,0.3,0.6
development/dev_track_a,175,0.6757321060734393,0.6988423152907736,True,0.8403781842734594,0.9999998807907248,0.6757321060734393,0.6988423152907736,0.3345667017363383,0.4016354199488482,0.551512430473053,0.9999998509884054,0.3345667017363383,0.4016354199488482,0.7969904988990574,0.6631241824998012,0.9999999105930396,1.0,0.7969904988990574,0.6631241824998012,0.1112849294965947,0.2851210695134109,0.345650813050683,0.6163499026678507,0.1112849294965947,0.2851210695134109,0.0635270593833686,0.2015464152099706,0.2037063337657209,0.3695613650158829,0.0635270593833686,0.2015464152099706,0.158797954708207,0.2209277520887898,0.3547579217605495,0.4933135109333518,0.158797954708207,0.2209277520887898,0.2959004044532776,0.3074745535850525,0.4436238408088684,0.382666677236557,0.0252159399478673,0.0254865173663748,0.1502347417840375,0.1382978723404255,0.0,1.0,0.15,0.7,1.0,0.0,0.7,0.3,0.0,1.0,0.1,0.4,0.0,1.0,0.1,0.4,0.0,1.0,0.1,0.5,0.0,1.0,0.35,0.75,0.0,1.0,0.15,0.55
development/dev_track_a,176,0.6552354869150158,0.7137063094867341,True,0.7693239129395588,0.8370286420549581,0.6552354869150158,0.7137063094867341,0.3662719469589968,0.4361287281809022,0.4995597303700876,0.6637585366132024,0.3662719469589968,0.4361287281809022,0.8243646579884433,0.8041526913483605,0.9999998807907248,0.9999998807907248,0.8243646579884433,0.8041526913483605,0.0745175009427521,0.0504871359866184,0.2484809872762282,0.274600666705757,0.0745175009427521,0.0504871359866184,0.0325615673049434,0.0335941813118982,0.1241400373554714,0.1217725298188181,0.0325615673049434,0.0335941813118982,0.1929531202894849,0.1798416862994648,0.486813777909896,0.5078213122760048,0.1929531202894849,0.1798416862994648,0.4939982295036316,0.406940758228302,0.3320351839065552,0.3183854818344116,0.0214619316524234,0.0220862500434575,0.1759530791788856,0.1710914454277286,1.0,0.0,0.4,0.2,1.0,0.0,0.8,0.2,1.0,0.0,0.4,0.2,0.0,1.0,0.2,0.5,1.0,0.0,0.7,0.3,1.0,0.0,0.78,0.32,1.0,0.0,0.7,0.3
development/dev_track_a,177,0.8496889823218599,0.958995442667028,True,0.7388759566693358,0.8320391378356055,0.8496889823218599,0.958995442667028,0.4940644636978087,0.6225464974732053,0.6118383274271098,0.6673747499361795,0.4940644636978087,0.6225464974732053,0.9476140603147656,1.152352642255116,0.9999998807907248,0.9999998807907248,0.9476140603147656,1.152352642255116,0.1448233335149486,0.1445398626122424,0.3367718435607672,0.3988598175823623,0.1448233335149486,0.1445398626122424,0.0473154837359422,0.0739566547078695,0.1501980381311613,0.2064395866610668,0.0473154837359422,0.0739566547078695,0.2686414811326441,0.2539629823101028,0.3659848942458791,0.4432350597300835,0.2686414811326441,0.2539629823101028,0.4693784713745117,0.2327450513839721,0.3558475971221924,0.3645039796829223,0.0361334631430136,0.0400131307689975,0.1953488372093023,0.196078431372549,1.0,0.0,0.4,0.2,1.0,0.0,0.8,0.2,1.0,0.0,0.4,0.1,1.0,0.0,0.4,0.1,1.0,0.0,0.45,0.1,1.0,0.0,0.65,0.45,0.0,1.0,0.25,0.7
development/dev_track_a,178,0.5941872800993392,0.798743485005491,True,0.7736248643845481,0.7736248643845481,0.5941872800993392,0.798743485005491,0.1971422542971449,0.1843662638209598,0.6489640892786873,0.6489640892786873,0.1971422542971449,0.1843662638209598,0.5345586417327733,0.3015652635326695,0.9999999403953606,0.9999999403953606,0.5345586417327733,0.3015652635326695,0.1110727022700796,0.1010548825537844,0.2272636289924989,0.3233386529753771,0.1110727022700796,0.1010548825537844,0.047546184758125,0.030808641234955,0.0928799859251277,0.0981967378771324,0.047546184758125,0.030808641234955,0.2229171837572988,0.1358135036275653,0.4106737494292108,0.3081642368170045,0.2229171837572988,0.1358135036275653,0.2705557346343994,0.3307056427001953,0.2903181314468384,0.3053052127361297,0.0099250564246002,0.0252698252666237,0.1194968553459119,0.1612090680100755,1.0,0.0,0.8,0.4,1.0,0.0,0.8,0.15,1.0,0.0,0.4,0.2,1.0,0.0,0.55,0.3,1.0,0.0,0.4,0.2,1.0,0.0,0.7,0.35,1.0,0.0,0.75,0.35
development/dev_track_a,179,0.8083705933235513,0.7691035963732408,False,0.8291413987706424,0.8643833560486608,0.8083705933235513,0.7691035963732408,0.5457430398328935,0.5220331233601845,0.5489104168250509,0.6531553085857262,0.5457430398328935,0.5220331233601845,0.8938592136156154,0.6536259870982398,0.9999999403953606,0.9999998509884054,0.8938592136156154,0.6536259870982398,0.0991900791231288,0.110570725249193,0.3174600584327447,0.3741285337322007,0.0991900791231288,0.110570725249193,0.049931946732349,0.038982789548103,0.139362099390973,0.1679488862079632,0.049931946732349,0.038982789548103,0.1107804511897418,0.1194580154873027,0.4958281433099684,0.2799081831054583,0.1107804511897418,0.1194580154873027,0.2793682813644409,0.3324964642524719,0.2257044911384582,0.2579849064350128,0.0272184122529363,0.0291142253624909,0.1660377358490566,0.1660377358490566,1.0,0.0,0.4,0.3,1.0,0.0,0.85,0.15,1.0,0.0,0.4,0.3,0.0,1.0,0.15,0.4,0.0,1.0,0.2,0.5,0.0,1.0,0.35,0.7,1.0,0.0,0.55,0.3
development/dev_track_a,180,0.503827734318167,0.6913045254420643,False,0.7563109688388147,0.8323278030958411,0.503827734318167,0.6913045254420643,0.2490516646114318,0.3934873398345791,0.481390313977871,0.649347366450965,0.2490516646114318,0.3934873398345791,0.2730569677007047,0.7958633007446825,0.9999999105930396,0.9999998509884054,0.2730569677007047,0.7958633007446825,0.0478304059455727,0.0978593992948534,0.0974849453030501,0.3192841928298054,0.0478304059455727,0.0978593992948534,0.0302288389800336,0.0370303247169138,0.0666958304249075,0.119902137139541,0.0302288389800336,0.0370303247169138,0.3171950169249325,0.16756660523033,0.3996794574701484,0.4049288246771509,0.3171950169249325,0.16756660523033,0.4003444314002991,0.2654625177383423,0.365109920501709,0.3588061332702636,0.0126173808530769,0.0243524262251515,0.1647058823529411,0.1659388646288209,0.0,1.0,0.4,0.8,1.0,0.0,0.75,0.3,1.0,0.0,0.7,0.4,0.0,1.0,0.2,0.6,0.0,1.0,0.4,0.7,0.0,1.0,0.45,0.7,0.0,1.0,0.55,0.75
development/dev_track_a,181,0.7014099038558325,0.6856680358042956,True,0.8030473824682972,0.83677329578718,0.7014099038558325,0.6856680358042956,0.4551780149254076,0.3811968116656055,0.556413600765442,0.6941755182533839,0.4551780149254076,0.3811968116656055,0.897403988400651,0.9350780178289853,0.9999999403953606,0.9999998807907248,0.897403988400651,0.9350780178289853,0.1067411830742703,0.1591277910242186,0.3146900202242929,0.4327309502723463,0.1067411830742703,0.1591277910242186,0.0489509486544407,0.0754677438555145,0.1934506748181933,0.2199278427038188,0.0489509486544407,0.0754677438555145,0.2088274290698339,0.2579524512457878,0.6433784812348133,0.5761692127226095,0.2088274290698339,0.2579524512457878,0.5031411051750183,0.3761647343635559,0.3692488968372345,0.3621464371681213,0.0124327725152477,0.0152217484234987,0.1238095238095238,0.1287128712871287,1.0,0.0,0.55,0.05,1.0,0.0,0.85,0.1,1.0,0.0,0.4,0.1,0.0,1.0,0.15,0.4,1.0,0.0,0.45,0.15,1.0,0.0,0.7,0.3,1.0,0.0,0.65,0.15
development/dev_track_a,182,0.551051195595475,0.8787827566506353,True,0.999999821186087,0.7808485888423218,0.551051195595475,0.8787827566506353,0.0341738927812859,0.4998525045713022,0.9999998509884054,0.5498416796562526,0.0341738927812859,0.4998525045713022,0.8485125667035583,1.1516897633015866,0.9999998509884,0.9999999105930396,0.8485125667035583,1.1516897633015866,0.108499989747112,0.1424171753882813,0.2990888715525733,0.3412003437910586,0.108499989747112,0.1424171753882813,0.062193722947315,0.0745325816416034,0.1129664458603328,0.2160755018265309,0.062193722947315,0.0745325816416034,0.2663003417119972,0.3263321474966332,0.4948076067803152,0.3968518751451975,0.2663003417119972,0.3263321474966332,0.4395487308502197,0.2943131029605865,0.2119973301887512,0.2513878345489502,0.020511350032169,0.0260880050694074,0.1627906976744186,0.1526315789473684,1.0,0.0,0.4,0.0,1.0,0.0,0.85,0.15,1.0,0.0,0.15,0.0,0.0,1.0,0.1,0.25,1.0,0.0,0.45,0.1,1.0,0.0,0.6,0.2,1.0,0.0,0.25,0.05
development/dev_track_a,183,0.5960357499744934,1.015179279666557,False,0.8577962091212024,0.8300601446556872,0.5960357499744934,1.015179279666557,0.339621923652295,0.5955598565491059,0.597758299312746,0.6060036655662302,0.339621923652295,0.5955598565491059,0.1606337449561493,0.2662843088419022,0.9731692091721836,0.9999998807907248,0.1606337449561493,0.2662843088419022,0.1230587019864037,0.1193324526803976,0.3392010997533041,0.3488025819740649,0.1230587019864037,0.1193324526803976,0.0671966762049982,0.0654928600032868,0.1866590185517928,0.2169000092615775,0.0671966762049982,0.0654928600032868,0.1406612994467624,0.3106320898495815,0.1477788016438089,0.5600859980816787,0.1406612994467624,0.3106320898495815,0.4474762082099914,0.2944959998130798,0.349984347820282,0.2376802861690521,0.0210620418226825,0.0252806515170635,0.1743119266055045,0.1586206896551724,0.0,1.0,0.4,0.6,1.0,0.0,0.8,0.2,0.0,1.0,0.4,0.7,0.0,1.0,0.3,0.65,0.0,1.0,0.4,0.65,1.0,0.0,0.7,0.45,0.0,1.0,0.35,0.7
development/dev_track_a,184,1.6811781949401974,0.7952060599571077,False,1.0,0.9438623852893848,1.6811781949401974,0.7952060599571077,1.0376254768395183,0.6901371326035921,0.9999998807907248,0.7666460325351272,1.0376254768395183,0.6901371326035921,0.6861319151184633,0.3213863359422922,0.9999998807907192,0.9999999105930396,0.6861319151184633,0.3213863359422922,0.2066455066944518,0.111515986616136,0.41868630900355,0.3253471165011433,0.2066455066944518,0.111515986616136,0.1015435799141689,0.0555287454808844,0.1982406399679312,0.1804305202465269,0.1015435799141689,0.0555287454808844,0.1120521489448563,0.061140755744206,0.2256888904059369,0.0544863535947024,0.1120521489448563,0.061140755744206,0.2923217415809631,0.4096687436103821,0.3269045352935791,0.4109614491462707,0.0188782883697312,0.0211785969085222,0.1333333333333333,0.1556420233463035,1.0,0.0,0.55,0.4,1.0,0.0,0.8,0.2,1.0,0.0,0.4,0.2,0.0,1.0,0.2,0.6,0.0,1.0,0.3,0.7,0.0,1.0,0.3,0.7,0.0,1.0,0.25,0.7
development/dev_track_a,185,0.644318165008663,0.7437052588125629,False,0.9019003031372662,0.7561649970811609,0.644318165008663,0.7437052588125629,0.2439335968114594,0.3468665051700861,0.8384926761544327,0.4628458823493275,0.2439335968114594,0.3468665051700861,0.1277501544051346,0.2144886739878926,0.9999998807907248,0.9999998509884054,0.1277501544051346,0.2144886739878926,0.0869010184687249,0.1070872247279313,0.1163553180019755,0.2814318288963489,0.0869010184687249,0.1070872247279313,0.0598494955550421,0.0621225496452974,0.0461164683352832,0.1388605636239402,0.0598494955550421,0.0621225496452974,0.0595509339641821,0.1036906069107829,0.1304432812803978,0.1145302459642829,0.0595509339641821,0.1036906069107829,0.4465570449829101,0.3026938736438751,0.3319932222366333,0.3613715171813965,0.0235070930117758,0.0217230102147574,0.141025641025641,0.1333333333333333,0.0,1.0,0.1,0.4,0.0,1.0,0.2,0.8,0.0,1.0,0.1,0.4,0.0,1.0,0.1,0.4,0.0,1.0,0.1,0.25,0.0,1.0,0.35,0.6,1.0,0.0,0.4,0.1
development/dev_track_a,186,0.6764815356190861,0.9664474990747778,False,0.8972016038178457,0.9160453777259138,0.6764815356190861,0.9664474990747778,0.3601322873415528,0.6552088959852997,0.6104513093156622,0.7304726942669275,0.3601322873415528,0.6552088959852997,0.770880311838371,0.8143304810698748,0.9999999403953606,0.9999998807907248,0.770880311838371,0.8143304810698748,0.1108376956066309,0.0945039724639034,0.3217659525345771,0.3377018275103491,0.1108376956066309,0.0945039724639034,0.040578025745993,0.0477040744471018,0.1713046868601875,0.1687730485680389,0.040578025745993,0.0477040744471018,0.1386245346968309,0.1789559891057718,0.4529921063316134,0.3385105964214878,0.1386245346968309,0.1789559891057718,0.3766815662384033,0.2578722238540649,0.3489623367786407,0.1925703585147857,0.0278396591371735,0.0159152179310437,0.1951219512195122,0.1333333333333333,1.0,0.0,0.45,0.1,1.0,0.0,0.7,0.3,1.0,0.0,0.4,0.1,0.0,1.0,0.2,0.4,0.0,1.0,0.3,0.5,1.0,0.0,0.7,0.3,1.0,0.0,0.5,0.2
development/dev_track_a,187,0.4434446224078717,0.7669608234909662,True,0.9999998807907248,0.999999821186087,0.4434446224078717,0.7669608234909662,0.3696518950691352,0.6219447711298536,0.9999999105930448,0.9999997913837696,0.3696518950691352,0.6219447711298536,0.3524945825094683,0.6797237049033892,0.999999821186087,0.9999998509884054,0.3524945825094683,0.6797237049033892,0.1555094635489806,0.1360269012953577,0.5367298435466746,0.5112770262343351,0.1555094635489806,0.1360269012953577,0.0742590417151703,0.076423712966974,0.305366683824296,0.2585133628762665,0.0742590417151703,0.076423712966974,0.108889625393755,0.1252473228972601,0.2654063000503914,0.4148930630319968,0.108889625393755,0.1252473228972601,0.3411692976951599,0.3708101212978363,0.3014068007469177,0.3246642649173736,0.0245688884873143,0.0215297458390343,0.1371158392434988,0.1573770491803278,1.0,0.0,0.4,0.15,1.0,0.0,0.8,0.2,1.0,0.0,0.4,0.1,1.0,0.0,0.45,0.2,1.0,0.0,0.3,0.15,0.0,1.0,0.4,0.7,0.0,1.0,0.25,0.55
development/dev_track_a,188,0.7421577707107593,0.5483555445775936,True,0.8696624195978141,0.8265276161995392,0.7421577707107593,0.5483555445775936,0.4693691433153732,0.2979188307371516,0.6040462311464961,0.6407661270181947,0.4693691433153732,0.2979188307371516,0.9325588999254396,0.7193819980804064,0.9999999403953552,0.9999999701976772,0.9325588999254396,0.7193819980804064,0.0943436416551483,0.0695268415284609,0.3851157425513583,0.2489233984236785,0.0943436416551483,0.0695268415284609,0.0652266744935976,0.0295204337546926,0.2168719618496863,0.1054925945059108,0.0652266744935976,0.0295204337546926,0.1415127972430858,0.1558186342771585,0.4929518711540454,0.5369824908336208,0.1415127972430858,0.1558186342771585,0.350272387266159,0.4309313297271728,0.3242907524108886,0.3786388635635376,0.0197969639536565,0.0180464328697932,0.1238095238095238,0.1386138613861386,1.0,0.0,0.55,0.05,1.0,0.0,0.8,0.2,1.0,0.0,0.4,0.1,1.0,0.0,0.45,0.2,1.0,0.0,0.3,0.15,1.0,0.0,0.65,0.3,0.0,1.0,0.55,0.8
development/dev_track_a,189,0.5291068146555609,0.7055159552650514,False,0.8350169259289592,0.8303254448979562,0.5291068146555609,0.7055159552650514,0.2055171291640808,0.2562301925976163,0.6273240295262301,0.7511071039576637,0.2055171291640808,0.2562301925976163,0.2414772318379238,0.5637760495179376,0.9999997913837696,0.9999998807907248,0.2414772318379238,0.5637760495179376,0.0730396746610628,0.1152545104698765,0.2021717102396919,0.196386429618201,0.0730396746610628,0.1152545104698765,0.0380720513384488,0.0682945954993385,0.0906087402288115,0.2292713563972433,0.0380720513384488,0.0682945954993385,0.1017902070811271,0.0361348183628976,0.2658661121701821,0.0859334933854592,0.1017902070811271,0.0361348183628976,0.3808853030204773,0.4232786297798157,0.3695668578147888,0.3520465493202209,0.0227055069355867,0.0194790535272788,0.1434599156118143,0.1354581673306772,1.0,0.0,0.45,0.1,1.0,0.0,0.85,0.1,1.0,0.0,0.4,0.1,0.0,1.0,0.1,0.3,0.0,1.0,0.2,0.45,0.0,1.0,0.45,0.55,1.0,0.0,0.35,0.15
development/dev_track_a,190,0.7694543932290762,0.80339967962388,True,0.8510988532186922,0.892123175606349,0.7694543932290762,0.80339967962388,0.5281398548544102,0.5041855498284782,0.6782272639531961,0.7879010456947876,0.5281398548544102,0.5041855498284782,0.5513489924733269,0.6436076913752852,0.9999998509884054,0.9999998509884,0.5513489924733269,0.6436076913752852,0.1644433378099466,0.135258945752217,0.4463696076965877,0.4123606934299645,0.1644433378099466,0.135258945752217,0.0809086766757332,0.062457136764774,0.2603111458167563,0.2150301880330462,0.0809086766757332,0.062457136764774,0.1106346369087923,0.1319693627640264,0.3510807316215385,0.246604087697927,0.1106346369087923,0.1319693627640264,0.3191136419773102,0.3552540838718414,0.2979385256767273,0.314643919467926,0.0369692438852518,0.0331699990301445,0.20817843866171,0.1973684210526316,1.0,0.0,0.8,0.3,1.0,0.0,0.8,0.15,1.0,0.0,0.4,0.2,0.0,1.0,0.3,0.65,1.0,0.0,0.4,0.2,1.0,0.0,0.7,0.4,0.0,1.0,0.3,0.6
development/dev_track_a,191,0.6409558312563269,0.6651203292397498,True,0.8666542768478394,0.8530816523384078,0.6409558312563269,0.6651203292397498,0.3834854262215598,0.3996763973839101,0.6885661854069012,0.6405007671712915,0.3834854262215598,0.3996763973839101,0.696028661535567,0.7041339093633281,0.9999999403953552,0.9946554902401292,0.696028661535567,0.7041339093633281,0.1221717105293883,0.1203714954630875,0.3300384110665239,0.4461273703115664,0.1221717105293883,0.1203714954630875,0.0668591434289671,0.0791916817794932,0.2071554653942566,0.2685032032581717,0.0668591434289671,0.0791916817794932,0.1783519732297809,0.1442668805051097,0.2888801215361024,0.2473819043801912,0.1783519732297809,0.1442668805051097,0.4509194493293762,0.4449157118797302,0.3629609644412994,0.3422547578811645,0.0068129468902066,0.0139489525092361,0.1341463414634146,0.1639344262295081,1.0,0.0,0.8,0.2,1.0,0.0,0.8,0.2,1.0,0.0,0.4,0.2,0.0,1.0,0.1,0.4,0.0,1.0,0.3,0.6,1.0,0.0,0.7,0.3,1.0,0.0,0.65,0.45
development/dev_track_a,192,0.8900186077575833,0.7899839051371362,True,0.999999821186087,0.7634836717267428,0.8900186077575833,0.7899839051371362,0.5742455863674143,0.4375771179997609,0.9999998807907248,0.5068802380370874,0.5742455863674143,0.4375771179997609,0.8434909135826614,0.1856771332659107,0.9999999403953606,0.9999999403953606,0.8434909135826614,0.1856771332659107,0.1726482052414735,0.1499773478925067,0.3866563588871295,0.3424705268445249,0.1726482052414735,0.1499773478925067,0.0851990499203013,0.0737956940257838,0.214305333762091,0.1989210750165727,0.0851990499203013,0.0737956940257838,0.1846896129522791,0.0407575458345422,0.4197653542493201,0.1667002962604533,0.1846896129522791,0.0407575458345422,0.3103556334972381,0.2515952885150909,0.3076778650283813,0.3468060791492462,0.0126479227883909,0.010399890181407,0.1189189189189189,0.1648351648351648,1.0,0.0,0.65,0.2,0.0,1.0,0.1,0.8,1.0,0.0,0.4,0.2,0.0,1.0,0.1,0.3,1.0,0.0,0.4,0.2,1.0,0.0,0.65,0.3,1.0,0.0,0.7,0.3
development/dev_track_a,193,0.8160207982622967,0.7821860951808225,True,0.9185273148384911,0.763692943609602,0.8160207982622967,0.7821860951808225,0.4637678137894607,0.2181833554508146,0.7137391525144171,0.4346333522041616,0.4637678137894607,0.2181833554508146,0.7627786276867026,1.103264950454729,0.9999998509884054,0.9999999105930396,0.7627786276867026,1.103264950454729,0.0942324741252796,0.1578267616634865,0.2724438565980315,0.2370984125390534,0.0942324741252796,0.1578267616634865,0.0301681737033415,0.0565827744642018,0.1469767042648399,0.1075004291862493,0.0301681737033415,0.0565827744642018,0.2439356066964239,0.1468068771205782,0.4675692153353326,0.3493491111623181,0.2439356066964239,0.1468068771205782,0.1811228990554809,0.1837660670280456,0.2247714400291443,0.2584857642650604,0.0211367981645889,0.016194887028299,0.1598173515981735,0.1420454545454545,1.0,0.0,0.7,0.1,1.0,0.0,0.7,0.3,1.0,0.0,0.7,0.1,1.0,0.0,0.45,0.1,1.0,0.0,0.45,0.2,1.0,0.0,0.7,0.35,1.0,0.0,0.65,0.35
development/dev_track_a,194,0.3443223951514489,0.4831766969956134,False,0.878651454609459,0.9999999403953606,0.3443223951514489,0.4831766969956134,0.2146274195019311,0.1902740305797161,0.6981180462065236,0.9999998807907248,0.2146274195019311,0.1902740305797161,0.6153123399260457,0.7931922160604871,0.9999998807907192,0.9999999701976772,0.6153123399260457,0.7931922160604871,0.0981239408861802,0.0699894529777807,0.232545385911733,0.2093549597251298,0.0981239408861802,0.0699894529777807,0.0504164317834596,0.0228373392046945,0.1072738766675619,0.0927100324652084,0.0504164317834596,0.0228373392046945,0.2084217030959017,0.286546159893934,0.4898538361265958,0.5460737845870198,0.2084217030959017,0.286546159893934,0.4075200259685516,0.133944422006607,0.3063145875930786,0.2701089084148407,0.0215219555583028,0.0172583615274641,0.1489361702127659,0.1561712846347606,1.0,0.0,0.4,0.2,1.0,0.0,0.75,0.2,1.0,0.0,0.15,0.1,0.0,1.0,0.2,0.45,0.0,1.0,0.3,0.7,0.0,1.0,0.35,0.7,1.0,0.0,0.7,0.4
development/dev_track_a,195,0.9626497742982664,0.4388715857395511,True,1.0,0.7654034635184145,0.9626497742982664,0.4388715857395511,0.3164403809674913,0.3158316899928478,0.9999998807907248,0.5428926621143462,0.3164403809674913,0.3158316899928478,1.3514653092200055,0.0745084378951272,0.9999999403953606,1.0,1.3514653092200055,0.0745084378951272,0.1239151207923553,0.072638101957514,0.3771400893395111,0.2035124542726018,0.1239151207923553,0.072638101957514,0.0510598840537949,0.0460454214425658,0.2410726434359847,0.0957273504347872,0.0510598840537949,0.0460454214425658,0.5373859223879396,0.1576958142407262,0.5089884374854827,0.1631685239871601,0.5373859223879396,0.1576958142407262,0.4119314551353454,0.2594541311264038,0.2540195882320404,0.349665105342865,0.0192017172544902,0.0120429779674711,0.1547987616099071,0.1492537313432835,1.0,0.0,0.7,0.1,1.0,0.0,0.8,0.2,1.0,0.0,0.7,0.2,1.0,0.0,0.45,0.15,1.0,0.0,0.55,0.2,1.0,0.0,0.7,0.4,1.0,0.0,0.75,0.25
development/dev_track_a,196,0.18629105670918,0.2639106778749388,False,0.3403165530781086,0.518490998834909,0.18629105670918,0.2639106778749388,0.0434614525555099,0.0790404704607066,0.1388917143143676,0.2471386497368816,0.0434614525555099,0.0790404704607066,1.1215263201283463,0.8698636987292406,1.0,0.9999999403953606,1.1215263201283463,0.8698636987292406,0.0611115703170143,0.0701046054471287,0.1671262465441628,0.204206241478706,0.0611115703170143,0.0701046054471287,0.0123414492326014,0.0357528804712803,0.0259022517335592,0.1097010253188745,0.0123414492326014,0.0357528804712803,0.4466121365861484,0.2472775256480759,0.8929685008460282,0.6840316289932643,0.4466121365861484,0.2472775256480759,0.5155368447303772,0.4466827809810638,0.2535135149955749,0.3499345183372497,0.0423673549567462,0.0239653215449469,0.1883408071748879,0.1694915254237288,1.0,0.0,0.8,0.2,1.0,0.0,0.85,0.4,1.0,0.0,0.7,0.2,1.0,0.0,0.65,0.3,1.0,0.0,0.45,0.2,0.0,1.0,0.4,0.7,0.0,1.0,0.3,0.6
development/dev_track_a,197,0.814511399499356,0.5355376497886197,True,0.9999998807907248,0.7841030616637394,0.814511399499356,0.5355376497886197,0.5753226970670099,0.3164464050726404,0.9999999105930448,0.5142436913106635,0.5753226970670099,0.3164464050726404,0.4171667085681865,0.3639945624730559,0.9999999701976824,0.9999998509884054,0.4171667085681865,0.3639945624730559,0.1219198326485001,0.1169085646606364,0.3975432477413032,0.2993005774915218,0.1219198326485001,0.1169085646606364,0.0703817412978304,0.0579981057349637,0.2161662954274534,0.1709535551643076,0.0703817412978304,0.0579981057349637,0.0329426760662023,0.1303276809239669,0.0059026469264961,0.406449184007777,0.0329426760662023,0.1303276809239669,0.6423987150192261,0.2202730476856231,0.3785359263420105,0.2347956448793411,0.0198759347481933,0.0220358765304606,0.180064308681672,0.18,1.0,0.0,0.4,0.0,1.0,0.0,0.8,0.2,1.0,0.0,0.15,0.0,1.0,0.0,0.7,0.2,1.0,0.0,0.4,0.15,0.0,1.0,0.3,0.7,1.0,0.0,0.55,0.15
development/dev_track_a,198,0.5768837182261428,0.7742257113663747,False,0.7665770928171762,0.890628172084311,0.5768837182261428,0.7742257113663747,0.2668465744587926,0.5636448996770256,0.4951239977666161,0.7225181791164661,0.2668465744587926,0.5636448996770256,0.3409854988193803,0.4768407561298947,0.9999998807907248,1.0,0.3409854988193803,0.4768407561298947,0.1406309310009546,0.0827777545606286,0.4035973598787097,0.2566457599602427,0.1406309310009546,0.0827777545606286,0.0457802254525567,0.0591043656534347,0.1864956079991649,0.1371563232012037,0.0457802254525567,0.0591043656534347,0.0448194913802413,0.0094339540731068,0.1493077849874627,0.1411378045590562,0.0448194913802413,0.0094339540731068,0.1901759654283523,0.1688498854637146,0.3805085718631744,0.4003580808639526,0.0240914533829645,0.0284089600883739,0.1517857142857142,0.1915708812260536,1.0,0.0,0.65,0.1,1.0,0.0,0.8,0.2,1.0,0.0,0.15,0.05,0.0,1.0,0.1,0.3,0.0,1.0,0.1,0.2,1.0,0.0,0.55,0.3,1.0,0.0,0.6,0.35
development/dev_track_a,199,0.6398745740912333,0.421336969212595,False,0.8479860010163783,0.7537877853169697,0.6398745740912333,0.421336969212595,0.3074099112234407,0.2928022229402932,0.7254554360562043,0.4672267178026774,0.3074099112234407,0.2928022229402932,0.767655890300755,0.520458429954895,0.9999999105930342,0.9999998509884,0.767655890300755,0.520458429954895,0.1023889855796734,0.1482316663803896,0.3165975395587298,0.3514119567402152,0.1023889855796734,0.1482316663803896,0.0549815203405606,0.0442324682007603,0.1830287780197857,0.1438459682041839,0.0549815203405606,0.0442324682007603,0.1903451100702381,0.0918896794628967,0.3326418601022324,0.5302466672166012,0.1903451100702381,0.0918896794628967,0.4060669243335724,0.3697245121002197,0.4534325003623962,0.3505817055702209,0.0194563337226228,0.0317709611856341,0.1185770750988142,0.1491228070175438,0.0,1.0,0.1,0.4,0.0,1.0,0.2,0.8,0.0,1.0,0.1,0.4,0.0,1.0,0.1,0.4,0.0,1.0,0.15,0.3,0.0,1.0,0.45,0.8,0.0,1.0,0.1,0.8
development/dev_track_a,200,0.6871104407125196,0.6626274682423645,True,0.8452107494818271,0.8631221815202019,0.6871104407125196,0.6626274682423645,0.4518473143023014,0.4361985678351817,0.5432047196382619,0.6436018580791534,0.4518473143023014,0.4361985678351817,0.7441284448060644,0.6989626955043263,0.9999998807907248,0.9999998807907248,0.7441284448060644,0.6989626955043263,0.1051861935570835,0.1204110609771317,0.2563081742715646,0.3541651076514146,0.1051861935570835,0.1204110609771317,0.0341333368954436,0.0614859169820311,0.0968352786499818,0.1838829346079184,0.0341333368954436,0.0614859169820311,0.2724375840754692,0.066208198675495,0.3695571325813775,0.3244981945630676,0.2724375840754692,0.066208198675495,0.3290379643440246,0.3269865214824676,0.2916193604469299,0.3746882975101471,0.0243705899656245,0.0275235146551476,0.1666666666666666,0.1777777777777777,0.0,1.0,0.4,0.7,1.0,0.0,0.8,0.2,1.0,0.0,0.4,0.3,0.0,1.0,0.1,0.5,0.0,1.0,0.4,0.65,0.0,1.0,0.4,0.65,0.0,1.0,0.45,0.75
